"","logFC","AveExpr","t","P.Value","adj.P.Val","B"
"TRIM71",8.16009834288388,0.789942770614339,12.0265327032535,1.03753721032475e-17,5.98399586054798e-14,29.9381368356123
"TRIB2",2.01586994939136,6.29664381201994,11.7342149899351,2.96989645802537e-17,1.14192518811075e-13,28.9161098925959
"FRRS1L",7.22863355116472,0.334891173006368,11.3302056735346,1.29280515390367e-16,2.85290181403877e-13,27.4851252049733
"AIF1L",2.07674458997913,2.24165891591437,11.2506299027042,1.73127981779553e-16,2.85290181403877e-13,27.2007925270391
"ITGA6",3.12105289806698,6.18117704261916,11.0593966212414,3.50357533976721e-16,4.49041572713497e-13,26.5142236719364
"CRTAP",1.23122896108343,6.43646121737527,10.8612943895855,7.30501260167936e-16,8.0520367057316e-13,25.7981968920962
"EPHB2",3.99659425224419,2.04996130433716,10.8478923164555,7.67857856636737e-16,8.0520367057316e-13,25.7495823340133
"IGF2BP2",2.96059722204687,4.71398998421897,10.6752051085858,1.46274252415121e-15,1.12484900107228e-12,25.1212399724422
"GNG4",6.53686826890688,-0.0903233946852032,10.4284349681057,3.6952819239845e-15,2.24342510490322e-12,24.2172176710212
"PRDM16",3.34655787306083,-0.0748632012237707,10.3638129741831,4.71546362610397e-15,2.62222204440936e-12,23.9793191353626
"NPNT",3.91479679286306,4.78503309111573,10.3011229682897,5.97615888737021e-15,3.13340876208252e-12,23.748081988129
"SEMA3G",2.53619772062236,2.74198405455462,10.2483718730366,7.29704629795924e-15,3.50714287695666e-12,23.5531649090737
"GPC3",5.4896128208266,7.15760647334337,10.193904035317,8.97073537026401e-15,3.97781279831651e-12,23.3515814268691
"COL2A1",7.59879204848641,-0.0750055481761375,10.1840964391272,9.31087521062381e-15,3.97781279831651e-12,23.3152492713246
"CEP68",1.2338121297293,3.91544546880812,10.0848312880222,1.35774493389792e-14,5.22052927083751e-12,22.9469346460131
"NKD1",5.45435337531231,4.00782812348037,10.0689881915987,1.44213649639018e-14,5.36614338253570e-12,22.8880520942344
"SHROOM4",2.06035338455986,3.2376303924568,9.98846331244085,1.96011854870125e-14,6.93553039014867e-12,22.5883611384572
"SLC6A9",3.50499655923242,0.0927208149213519,9.96374286653306,2.15403945091718e-14,7.19042879872547e-12,22.4962218233208
"TSPAN5",3.99595911755553,2.60920204036094,9.92947409577179,2.45523948614719e-14,7.86699652019662e-12,22.3683883854104
"TACC1",1.47060194932417,7.30097140095113,9.84464363400131,3.39636513336732e-14,1.02184836424878e-11,22.0514244586645
"ASAP2",1.45122722923998,4.43771701752984,9.80358007151544,3.97500990853413e-14,1.09170807845098e-11,21.8977307818128
"HMGA2",6.07489908379761,0.468509251466264,9.78049758689206,4.34285142565551e-14,1.16499514406829e-11,21.8112630000226
"GXYLT2",4.13924900322068,-0.211275049604397,9.76215565860666,4.6594376665721e-14,1.22151394281612e-11,21.7425157569076
"ABCC5",1.26248434940065,4.98368205677782,9.72166104933626,5.44312605490996e-14,1.33588210730609e-11,21.5906207372269
"HSDL1",1.54416131609515,4.29291759278846,9.61785151348411,8.11388035387236e-14,1.83516882121407e-11,21.2005045646673
"CD34",2.20376233644971,4.43616676555656,9.56681297135239,9.87708907947445e-14,2.11565934288038e-11,21.0083254633477
"TRPC1",1.84421648516462,3.02116932641314,9.55929974625513,1.01673809485231e-13,2.13237707711298e-11,20.9800147811385
"LEF1",3.2126957112043,2.14037627028344,9.53414224095412,1.12033704296333e-13,2.26720838431264e-11,20.8851803234312
"CACNB4",4.48126723511959,1.718518082985,9.51968364507958,1.18461804313598e-13,2.35596019440923e-11,20.8306503468511
"PLCG1",1.72451953362292,5.55363809122205,9.51176251912831,1.22139442258307e-13,2.38792960415182e-11,20.8007680201613
"FAM3B",4.24767644353511,3.41701231326968,9.42051203127065,1.73773647168376e-13,3.11028414249475e-11,20.4561168431113
"ITGA2",3.69759291295976,2.853684644419,9.38154877585505,2.02051998370281e-13,3.37778232058144e-11,20.3087272394506
"IGDCC4",3.73545731375488,1.22661864136459,9.37163773448004,2.09955828704154e-13,3.43982611153146e-11,20.2712146740996
"SLC25A36",1.83007931926019,5.42417883313841,9.34811485081671,2.29982346491371e-13,3.49058732470785e-11,20.1821481270217
"PTPRG",1.43861747598317,6.09994040753289,9.25617129994677,3.28502197844633e-13,4.85804211812544e-11,19.8335614202212
"IGF2BP1",4.75644998079337,3.73333230395912,9.24712456879009,3.4024377027858e-13,4.96798973438407e-11,19.7992240506361
"PTPN14",2.07845697124616,4.23159543941132,9.15856112363848,4.80007942921302e-13,6.3642432432152e-11,19.4627229485999
"MAGED1",1.56237756123869,7.13150100589412,9.14904294107459,4.98112000136235e-13,6.4865717378415e-11,19.4265205610021
"ZNF704",1.50831671298216,5.40941579554606,9.07076366289204,6.75575601757308e-13,8.37931673792532e-11,19.1285161529309
"CDH13",3.19480048578467,1.72273779747003,9.05803772000121,7.09918705675756e-13,8.61990765259984e-11,19.0800246103541
"TNFRSF19",3.65723983776516,4.39666666475636,8.98076902386198,9.59559833793081e-13,1.12944109008196e-10,18.7853355783366
"SLC26A2",1.38039969143767,3.89026548534591,8.97267197113203,9.90366987774011e-13,1.15392759636093e-10,18.7544293906978
"PODXL",1.98183466631387,4.92354403753388,8.93574948560308,1.14394027459083e-12,1.29667666412194e-10,18.613437547233
"ZNF703",2.32824351268783,2.82751731233893,8.92012951054604,1.21591052565469e-12,1.36170173916765e-10,18.5537620144001
"PEG10",3.74297145131785,7.78353144722682,8.80803151907207,1.88485987819082e-12,1.99466593531479e-10,18.1250016988157
"PTP4A3",2.65418811062806,2.73275230900173,8.79416074486645,1.9900362853277e-12,2.08682441375046e-10,18.0718892028106
"ZBTB46",1.26468656726859,2.40815451976273,8.7826983545596,2.08138506154185e-12,2.16295285449417e-10,18.0279891824426
"KCNN3",2.40565142571186,1.81716450368842,8.74502071614673,2.41239012336526e-12,2.44095790114196e-10,17.8836274732951
"DKK1",6.53122805237343,1.9129035374927,8.72859284205916,2.57279855336434e-12,2.55838200974635e-10,17.8206560408018
"MAGED2",1.22915160885309,7.0243795584736,8.72310550263255,2.62873117869114e-12,2.59165932873524e-10,17.7996181863719
"SRC",1.65798402019017,4.79398712870566,8.65884303435877,3.38213385746799e-12,3.13701041764814e-10,17.5531060813094
"SMIM3",2.10914269619294,3.3932880905741,8.65551073026455,3.4266433690825e-12,3.13701041764814e-10,17.5403165414708
"CCND2",2.58068171099165,5.1003909946103,8.62166751936601,3.91338227652445e-12,3.44821324027172e-10,17.4103879452285
"PTK7",2.6359270510173,4.0355622750031,8.62149416844152,3.91604624599562e-12,3.44821324027172e-10,17.4097222573269
"DYNC1I1",4.54790476833595,-0.153845409700231,8.61559757494797,4.00775430469639e-12,3.502230750354e-10,17.3870776215617
"DLK1",6.52226713264287,3.3645409702353,8.58315624550082,4.55225433798861e-12,3.88964842879249e-10,17.2624582444936
"MAP4K4",1.69446337315731,7.68007168658468,8.53302314766045,5.54335993068918e-12,4.534940198617e-10,17.0697637413651
"RBP7",1.85638896974642,2.00045731291483,8.53083730561018,5.59119082067664e-12,4.54185817721867e-10,17.0613590284729
"KIAA1755",2.48407309208911,0.712820347465451,8.49094217400426,6.5407047727702e-12,5.09777226715570e-10,16.9079154959772
"APLN",3.9683634331267,0.485888884255314,8.4644354412009,7.25945532273806e-12,5.61998772803916e-10,16.8059208885105
"LUZP1",1.0195089853846,4.23212535148656,8.44294854741564,7.89986666390431e-12,5.91720532260625e-10,16.7232162836767
"RHOBTB2",1.67038955031574,3.0914369947632,8.44094124962023,7.96251452788682e-12,5.9256519405919e-10,16.7154888932747
"SALL2",2.10044750236017,2.27249514772011,8.40347836265487,9.22762616411022e-12,6.61122160267152e-10,16.5712344556064
"KCNJ5",4.0420368985667,0.769273934206067,8.36375806666709,1.07899671113182e-11,7.36463139816898e-10,16.4182160970531
"FMNL2",1.57525953773807,5.4972935952979,8.35870957150976,1.10066809789833e-11,7.46835677015131e-10,16.3987621719429
"ATP10A",2.75449095005075,2.22184774621786,8.34597290849069,1.15730198594308e-11,7.71646150742976e-10,16.3496775632209
"PEG3",2.9871679406512,7.1262548367414,8.33406809156023,1.21287686908447e-11,7.99459124850822e-10,16.3037923070687
"CLIP2",1.98178922008994,3.03206907722657,8.31971069013856,1.28347344909071e-11,8.31734058160747e-10,16.2484458242267
"AP3M2",1.05330673541645,3.68409360596097,8.28170656007937,1.49088069120362e-11,9.50127556521204e-10,16.1019015968781
"INPP5D",1.57713105990699,4.7155923674553,8.24280283112034,1.73806428112834e-11,1.08935048565523e-09,15.9518281678055
"MLLT6",1.13499168120146,6.58732394547465,8.24148577843288,1.74711608015794e-11,1.08935048565523e-09,15.9467465282211
"FGF13",3.05306018318434,1.63755211444033,8.23817825708877,1.7700568379776e-11,1.09185056823912e-09,15.93398468827
"ATP8B2",1.50949349463711,4.38631848788301,8.23384286094966,1.8005848552837e-11,1.10477373966476e-09,15.9172562360018
"UXS1",1.03601964342645,4.57727281466752,8.21634790291291,1.92923473588322e-11,1.14121654761092e-09,15.8497434583865
"DVL2",1.1203785296557,3.86594785042076,8.18249084987565,2.20496466675358e-11,1.28455896116175e-09,15.7190578728511
"CACNA1C",2.43825020996148,2.37290364713642,8.15869788328553,2.42205274415927e-11,1.37388227825703e-09,15.6271947951026
"FRZB",2.61850684957575,2.91866585535532,8.14365783846192,2.57020200166239e-11,1.43918835384348e-09,15.5691163143638
"GJC1",1.81401763828704,2.77611423433395,8.13607512770457,2.64830408883893e-11,1.46490332391002e-09,15.5398321768877
"AXIN2",2.93357505794156,3.41503926662534,8.09550464011488,3.10842518746812e-11,1.68336547124154e-09,15.3831195640068
"PCGF2",1.31371805052134,3.47393000023857,8.07383692225583,3.38615586277018e-11,1.80830129060435e-09,15.2994026780705
"NDRG3",1.01600275371424,4.01057421288785,8.06712968695892,3.47706749264836e-11,1.83141431633328e-09,15.2734853807993
"PLXNC1",1.97493803381074,4.12493338598147,8.05060667898351,3.71159571185624e-11,1.93725142698017e-09,15.2096337459513
"PEA15",1.18237985465102,6.46694364539607,8.0334739148746,3.97153183482813e-11,2.04516159440815e-09,15.1434178781954
"EPS8L3",4.42244109136626,0.214827411432936,8.0226363921654,4.14529646295334e-11,2.10945899357117e-09,15.1015282725682
"ADAM9",1.34884450557051,5.82806506568989,8.01515089525862,4.26974361506917e-11,2.12290916378547e-09,15.0725932768807
"GLUL",2.77784999464251,10.836781067635,7.99903228931385,4.5505716143945e-11,2.25282590437942e-09,15.0102824465477
"TP53BP1",1.03939418374597,5.02317674919489,7.98120963984373,4.8826800459632e-11,2.39666869490151e-09,14.9413768353363
"OXCT1",2.30555639725277,2.72211176604699,7.97069004132619,5.08998717444656e-11,2.46860504839199e-09,14.9007026656885
"SLC7A11",4.51358721622512,1.78580549848028,7.96057745463384,5.29758047370512e-11,2.55680296084471e-09,14.8615998553157
"ADAMTS6",2.27316994862241,0.987252097409017,7.93924819648132,5.76365977306695e-11,2.73595948486944e-09,14.7791177269448
"DNAJC18",1.30756643641949,1.90235460906938,7.92543226565714,6.08725897771823e-11,2.8427745873676e-09,14.7256852450778
"TBX2",1.72455823248129,3.13541067343615,7.91209224423448,6.41696732087196e-11,2.97267943960876e-09,14.6740897301192
"OSBPL3",1.70059322263119,3.32846999824494,7.89598847827752,6.83889852171851e-11,3.11805116395348e-09,14.6118003271788
"DLG3",1.3315048749597,3.88575792337273,7.89437439720647,6.88269124418785e-11,3.12392157384739e-09,14.6055567964879
"SLC26A6",1.58300154156091,3.20208363694606,7.89352174140679,6.90593845974064e-11,3.12392157384739e-09,14.6022585649844
"GNAS",1.04996465789057,8.70275971604558,7.8617055730248,7.83196661880102e-11,3.46239534862841e-09,14.4791787680079
"FGD1",1.76218292530796,1.48564973965922,7.86163062860284,7.83428856516701e-11,3.46239534862841e-09,14.4788888282743
"SERPINE2",2.18608551962516,5.15592352254837,7.85606611653435,8.00862906768821e-11,3.52593649983907e-09,14.4573609870744
"GJA5",2.44211327212609,2.3405034751258,7.84461315044753,8.37978087463272e-11,3.63955596652759e-09,14.4130505511923
"SLC7A6",1.8895652993254,4.48485310534368,7.8432688345486,8.4244598444982e-11,3.63955596652759e-09,14.4078493922817
"PDGFA",2.328237005641,3.65095751203315,7.80324535465581,9.86971672192728e-11,4.15500665647559e-09,14.2529870815649
"TMEM98",1.46602708749023,4.85067973354147,7.79527397417764,1.0185945151057e-10,4.25706077237109e-09,14.2221410842778
"PARD3B",1.75985813268993,4.84594137556051,7.78270559878449,1.07052672020133e-10,4.40684447560615e-09,14.1735051089057
"SFRP4",3.56974118385319,0.169240706636216,7.78199623109135,1.07353558530154e-10,4.40684447560615e-09,14.1707600094342
"PLVAP",2.62870121411864,3.74998313479255,7.76085402509361,1.16720543901877e-10,4.72411043476544e-09,14.0889418800064
"ARHGEF2",1.18106789485616,4.65741736973939,7.75461368448787,1.19638574912409e-10,4.82528308256865e-09,14.0647915905018
"KSR1",1.3593412747652,4.0525044120391,7.72276332404116,1.35709053294341e-10,5.32450316241572e-09,13.9415247688895
"SMYD2",1.17251776331121,5.49933855908255,7.71337305728674,1.40847050425107e-10,5.48875245491086e-09,13.9051812803576
"BMF",1.9017833482238,4.4191077863906,7.71028035621788,1.425815170284e-10,5.53647407006625e-09,13.8932113663346
"KCTD7",1.10725852852217,3.52013004704694,7.70948400736748,1.43031579790181e-10,5.53647407006625e-09,13.8901291880854
"MARCKS",1.37325835126508,7.4247227394595,7.66888464778995,1.67963309339649e-10,6.37321306984491e-09,13.7329897597681
"MAPK13",1.71808906104288,4.18412931693319,7.65655132645694,1.76365722476124e-10,6.6266404194205e-09,13.6852525261643
"APH1B",1.26407668247275,3.92900112389828,7.64986086478117,1.81098400185544e-10,6.77022775542579e-09,13.6593563362035
"LZTS2",1.02972449640243,3.8881448687092,7.63836842366029,1.89526347751161e-10,7.05221426228916e-09,13.614873360762
"UTRN",1.17948378981608,6.89137967218293,7.63387575488557,1.92926717665878e-10,7.13272335985867e-09,13.5974838637397
"ITGA8",2.59071435248613,2.4646842462804,7.61803184471262,2.05413038184677e-10,7.47457222542667e-09,13.5361577386022
"CTHRC1",4.46052426310423,0.145031450732783,7.60137395922482,2.19413510287159e-10,7.87073354343625e-09,13.471681110567
"ARMC9",1.62425041995096,1.46132803197588,7.6006311870562,2.2005955038919e-10,7.87073354343625e-09,13.4688061166275
"ACLY",1.17752820865638,6.25791953254715,7.57285636378769,2.45633012505792e-10,8.63834390016556e-09,13.3613010164838
"CCL18",3.90552818212217,0.82787958569055,7.57086880853228,2.47573115290921e-10,8.68010907258593e-09,13.35360808123
"RHOBTB1",1.9155852188544,5.22690418594731,7.56694089238456,2.51452438455776e-10,8.74585571416061e-09,13.3384049222385
"HOXA3",3.2470612008072,0.523384092407414,7.56666926832561,2.5172293863037e-10,8.74585571416061e-09,13.3373535924946
"FER",1.23757754783836,4.62875530004037,7.5596559708974,2.58808879323085e-10,8.95495132948764e-09,13.3102085026839
"PDGFRB",1.98431147997269,5.99942234392067,7.5480946219997,2.70928075471818e-10,9.2460217472409e-09,13.2654605927787
"COL8A1",3.11133008901296,1.97873963327862,7.54039948635954,2.7930745891604e-10,9.50386884541746e-09,13.2356771499343
"HDAC11",1.3333514946814,2.49744979702368,7.53875655396362,2.81129782928276e-10,9.5368053099457e-09,13.2293183476331
"FSD1L",1.57215686932848,2.2495464535443,7.53803940076859,2.81928964949414e-10,9.5368053099457e-09,13.2265426843563
"NAP1L1",1.37410723641765,7.84666334828491,7.53134939999817,2.8949448534843e-10,9.76409031723432e-09,13.2006499182559
"LRRC1",1.56668592609742,3.28154907568813,7.53023542908372,2.90773812028937e-10,9.77864700219764e-09,13.1963384683549
"EPCAM",3.0277205577717,4.66378456557617,7.52033013235753,3.02400956374553e-10,1.01107102370448e-08,13.158001939909
"LGR5",3.24491150337819,4.49703517901541,7.51134629464192,3.13347986078131e-10,1.04464422526337e-08,13.1232323568367
"ROBO1",2.17378585732623,5.87163603208212,7.50007391601553,3.27645842171644e-10,1.08346162359025e-08,13.0796064909391
"LLGL1",1.40447301579069,2.33229218672596,7.49994785720133,3.27809368559165e-10,1.08346162359025e-08,13.079118629741
"NRIP2",2.24738965523542,1.08424711031699,7.49690669547025,3.31779258364862e-10,1.09344964149677e-08,13.0673490486391
"WFS1",1.27301955651137,3.27232611950801,7.49415336838198,3.35414854291207e-10,1.09915066597985e-08,13.0566934862846
"OSBPL7",1.31600698255762,2.07884498819388,7.48723777845874,3.44723081554279e-10,1.12010725231792e-08,13.029929995561
"OLFML2A",2.22205079921286,2.13481039496558,7.48457733809433,3.48372370673295e-10,1.12878519542597e-08,13.0196341529028
"NDN",1.89636338645688,3.16835734219985,7.47910980535616,3.55993804154639e-10,1.14703590249267e-08,12.9984751490572
"PAPSS1",1.2814369497067,4.57458251877693,7.46144579522288,3.81774202730303e-10,1.21440767839683e-08,12.930118717652
"BICD1",1.64548658105042,2.66079132180138,7.44811720254544,4.02455331122127e-10,1.26839405587261e-08,12.8785419173878
"DKK3",2.59557977251416,4.98086724407725,7.44585855136693,4.06069274399999e-10,1.27629675209918e-08,12.8698019763942
"CLIC1",1.00187824147087,6.85724700409708,7.38710762577773,5.12367931732863e-10,1.56353547421656e-08,12.6424882838863
"EBF1",2.08167405724115,2.34510957690592,7.36009090080264,5.70181918431324e-10,1.70949200473694e-08,12.5379766011271
"HIF1AN",1.10365505761664,5.50176117833084,7.32871538676206,6.45551467461936e-10,1.88517371574011e-08,12.4166210522021
"RNF157",2.14639419317634,0.869458352900497,7.3238554717974,6.58084811421473e-10,1.91692128781482e-08,12.3978255105298
"CD36",1.88066504650825,7.42256056102547,7.31979666153093,6.68738257349188e-10,1.93816477349821e-08,12.3821286096169
"EHMT2",1.28932874264023,3.88434215056337,7.31675138417213,6.76844386560706e-10,1.95674185438039e-08,12.3703516515929
"RASAL2",1.18523262387195,5.11075701379142,7.31474070272823,6.82250284129221e-10,1.96743925685764e-08,12.3625758862285
"ST8SIA3",3.29834565815256,0.954110876817326,7.31231705633632,6.8882383553955e-10,1.97651316988774e-08,12.3532032130014
"BCAM",2.05964951554752,5.34893075250919,7.30832992157811,6.99775911609317e-10,2.00295661052443e-08,12.3377845443973
"DNM3",1.78309978673418,0.867337147884824,7.29468610523868,7.3858647656257e-10,2.098422415554e-08,12.2850252968531
"STK39",1.43688333147149,2.53487926977281,7.27688512003989,7.92472650934331e-10,2.22205646644486e-08,12.2161975271018
"CS",1.03311196681066,6.73668061950375,7.27581368386736,7.9583856439578e-10,2.22205646644486e-08,12.2120550586651
"TARBP1",1.40453622224822,5.747445980472,7.27528232671418,7.97513114094646e-10,2.22205646644486e-08,12.2100006959853
"GPR161",1.60868012991454,1.78292586088069,7.26738081363732,8.22833718826283e-10,2.28708119196655e-08,12.1794522914432
"SLC25A35",1.37079865539671,1.39704138159122,7.26567896815211,8.28391555622828e-10,2.29699437358397e-08,12.1728729226971
"SLC6A8",2.09903887117871,1.35536501085647,7.26335416302178,8.36044476739661e-10,2.3082832855118e-08,12.1638853039089
"KIF3A",1.12668861991583,3.29707991972237,7.24709397523134,8.915813820582e-10,2.43098412913324e-08,12.1010280602478
"ZSWIM5",2.00764455038363,3.00874477864758,7.2465296268442,8.93573706764191e-10,2.43098412913324e-08,12.0988465816702
"CRIM1",1.21963118664383,6.66108799515003,7.2453793319193,8.97648381726139e-10,2.43632331369671e-08,12.0944001649677
"NOTCH3",2.34178722884456,3.97368898397805,7.23499233033721,9.35292678918479e-10,2.52070118021604e-08,12.0542513501268
"EPHA4",1.62066786485453,1.39585508953398,7.22112781693015,9.88007814114006e-10,2.63811808699191e-08,12.0006658228898
"STC2",2.66516264197626,1.8001667937497,7.21779539486078,1.00111429604975e-09,2.65467894366295e-08,11.9877870631143
"DDAH2",1.04086425763217,5.32579727964017,7.21387940284979,1.01673800906457e-09,2.68376955024251e-08,11.9726534212474
"SEMA3F",1.5469945494304,2.57846921323887,7.21036024383607,1.03098606197626e-09,2.70305103994482e-08,11.9590537715966
"MMP11",3.82684491666745,3.03998007086451,7.20120078645491,1.06901171909701e-09,2.77102251231101e-08,11.9236592223806
"NPTXR",2.57605275911358,0.818028941404099,7.19253206812246,1.1062889330463e-09,2.86122036831593e-08,11.8901634691029
"CSPG4",2.59251835327847,1.65404742601643,7.18546520608542,1.13763599862271e-09,2.91614027646955e-08,11.8628590576119
"ZNF738",1.60864580620142,1.56091522328402,7.18200014530851,1.15332870892867e-09,2.94789127802448e-08,11.8494716163246
"CHST15",1.18370475928719,4.91244152621104,7.16773890024001,1.22022334625085e-09,3.07489191197538e-08,11.7943768054685
"SP5",3.90647676332225,0.565981559987477,7.15897434386965,1.26324241517558e-09,3.16084626009767e-08,11.7605205613837
"LAMC1",1.46102347310727,7.07442486396163,7.15815992434744,1.26731590009074e-09,3.16417508821357e-08,11.7573747101278
"SMOC2",2.76371721084602,2.64398853646522,7.15714897276742,1.27239062504526e-09,3.1699839870188e-08,11.7534697487215
"ARID3A",2.46232579537541,3.37058209550933,7.13784592990583,1.37327355741656e-09,3.37036393293616e-08,11.6789156995923
"SPINK1",5.70564789640376,3.55963823999997,7.09051179666579,1.65574266949552e-09,3.97068434358229e-08,11.4961567791526
"KIT",2.10584228574417,2.42236725116246,7.0467575679676,1.96814218169192e-09,4.6617084324058e-08,11.3273013015355
"SLC1A4",1.61528751303892,4.24374597468717,7.03548938434128,2.05770505438605e-09,4.82431459397218e-08,11.2838288862314
"MFGE8",1.96407822126724,4.31005146790543,7.03230621721686,2.08373446123503e-09,4.86556214784333e-08,11.2715493373592
"PLCB4",1.63121306401685,1.07686296656477,7.03056834422156,2.0980837585249e-09,4.86741080585365e-08,11.2648454251695
"SOGA1",1.49779351364805,3.97441913623348,7.03016780080394,2.10140492528402e-09,4.86741080585365e-08,11.2633003331512
"SERPINI1",2.53905988139676,2.96801774442276,7.02492573507129,2.14535685622637e-09,4.939459348617e-08,11.2430798025976
"AACS",1.08139677043049,2.92956552256775,7.02350995216681,2.15738393069109e-09,4.95725570528322e-08,11.2376188379276
"ZNF775",1.59277232130841,2.82344156790805,7.0169116214213,2.21432999907764e-09,5.07799135971382e-08,11.2121689608493
"GNAL",2.31382612199802,1.37472573932646,7.01268602201344,2.25158359417238e-09,5.14297361559969e-08,11.1958718273342
"SLC6A6",1.38544216070751,3.94862389309499,7.0102117731272,2.27368652050897e-09,5.17297317831774e-08,11.1863296305443
"ITGAE",1.2277782235727,3.59157843601632,6.98978643140744,2.46461577787553e-09,5.52026077627073e-08,11.1075684773752
"MTR",1.07081817405201,6.51119101755095,6.97632074591431,2.59915231443112e-09,5.78788068474188e-08,11.0556553681784
"PIK3C2B",1.18071212981751,4.05626791561122,6.95400700479931,2.83840299506038e-09,6.18181812757921e-08,10.9696514519192
"PCYOX1L",1.1524770061026,2.22492109797606,6.9538721519243,2.83991371651901e-09,6.18181812757921e-08,10.969131766844
"GDF11",1.49461247143066,3.32770193485325,6.95383168290278,2.84036723677242e-09,6.18181812757921e-08,10.9689758107971
"TTLL1",1.29813671882578,0.271491239275063,6.94918890963119,2.8928792734441e-09,6.27243654495822e-08,10.9510844633957
"FAM217B",1.24507182543931,2.95401612747565,6.94834382162043,2.90254125449232e-09,6.28157849354013e-08,10.9478279630686
"LYZ",2.42680131549929,7.66578846660536,6.94771599516557,2.90974008821421e-09,6.28536552763125e-08,10.9454086928235
"MCTP1",2.21279006943383,3.39696697170283,6.93989572826406,3.00091563053795e-09,6.45812720116702e-08,10.9152757947329
"RPL37A",1.13380118165786,9.33955000464963,6.92630628837872,3.16618069458139e-09,6.78845619182088e-08,10.8629211031497
"RASL12",2.31597075494697,0.122149864663942,6.92472874752364,3.18594415850016e-09,6.81815693289412e-08,10.8568441228172
"COL4A1",2.06444697542095,7.73222780989026,6.92019856867118,3.24338473690354e-09,6.88995265933376e-08,10.8393937985724
"FLVCR1",1.44846588762561,4.1242302377259,6.91868112923427,3.26285510369874e-09,6.90587772865412e-08,10.8335488517277
"TUBG2",1.12077178136724,3.38339661426812,6.91422669839923,3.32068591869602e-09,6.98980147302164e-08,10.8163918025242
"NRXN3",3.6084215135917,1.89435971510882,6.90427461767934,3.45361004906122e-09,7.20386833922624e-08,10.778063598464
"GREB1",2.74765988977263,3.35009836440766,6.89505532573136,3.58147467027587e-09,7.4436595174112e-08,10.742562611051
"BMP4",3.0079006097126,2.83810803626855,6.89114574296426,3.63711254229538e-09,7.51865469092782e-08,10.7275093534207
"NRCAM",3.04036690791721,2.21399686083723,6.88398935198645,3.74119773538914e-09,7.70619926387746e-08,10.699957063574
"RPS3",1.14392385590784,9.12376394411942,6.86680048824523,4.00348991372446e-09,8.11603798854335e-08,10.6337918910237
"FGF12",2.22171290869668,0.141326912953117,6.84901472092835,4.29419629744913e-09,8.5995753977562e-08,10.5653478787154
"ERP27",2.39031486830451,0.668015047082876,6.84513880252604,4.36028821347799e-09,8.68500413516114e-08,10.5504349805682
"RPS23",1.0852088919917,9.37161593429701,6.84026171577945,4.4448942015292e-09,8.79448621177346e-08,10.5316713435193
"TFF3",2.00435641830849,1.01856603854083,6.82782457401012,4.66812859964949e-09,9.15762982941443e-08,10.4838286746541
"ANKRD50",1.06108156345047,5.42534200101724,6.82439670050266,4.73159609319496e-09,9.2506713449159e-08,10.4706442112131
"FABP4",2.67607972972979,2.36696433390186,6.82327884943797,4.75247860161708e-09,9.26254147481707e-08,10.466344838361
"MECOM",1.47568248779443,2.60332529221705,6.82110876871286,4.79328030677352e-09,9.32037179252043e-08,10.457998709693
"FRMD3",1.89509256890972,1.64572956209282,6.82077602774774,4.79956726897021e-09,9.32037179252043e-08,10.4567190151332
"LAMA3",2.31149974580274,4.03453883970603,6.80993232636557,5.00901274581784e-09,9.67821809430634e-08,10.4150189677386
"SH3RF3",1.46444165658095,2.82079334631764,6.79633601805636,5.28453770931872e-09,1.00423628462918e-07,10.3627445551708
"NYNRIN",1.71799109380746,4.94829300417037,6.77612417296698,5.72227237521415e-09,1.07339494106796e-07,10.2850580156899
"RAB34",1.46553338290039,3.62424522624197,6.77535945637205,5.7395251399549e-09,1.07476335210032e-07,10.2821192876044
"ESM1",3.21613856327712,1.60056133392936,6.76396047050858,6.0029268220959e-09,1.11683485311091e-07,10.2383189484061
"KIAA1549",2.05080157483795,0.94725997014803,6.76036036245824,6.08859244743544e-09,1.12913044825029e-07,10.2244875008299
"NT5DC2",2.24599197494069,2.66993422502182,6.75242796956885,6.28166795245149e-09,1.16306644994427e-07,10.1940148416443
"NHS",1.59338050239009,2.18929577346225,6.74848347183401,6.37993583822111e-09,1.17608461934132e-07,10.1788635317101
"NETO2",1.71868341901205,1.14272316333965,6.74078274324551,6.57621555371882e-09,1.20099569922268e-07,10.1492872796163
"UGGT1",1.45809436336109,6.87526031889291,6.74062772612908,6.58022784489581e-09,1.20099569922268e-07,10.1486919479254
"SEMA7A",1.84368798109149,2.16345223488108,6.73321067718617,6.77507889461902e-09,1.23265828153676e-07,10.1202093589351
"TCF7",1.37154967874517,4.24475263299197,6.72654450651751,6.95510195706148e-09,1.2594521361806e-07,10.0946136790783
"DLG5",1.18624262937797,4.53292263672915,6.70269842228914,7.63896521015364e-09,1.37038046188371e-07,10.0030803249786
"ACSL4",2.56103807572657,7.96301121180092,6.69507672731454,7.87135782251522e-09,1.4033402238441e-07,9.97383343349117
"ARHGEF3",1.40393793358866,4.38053529288147,6.67703148367425,8.45002234303151e-09,1.49038238114478e-07,9.90460585553433
"CUEDC1",1.22443923528542,3.00600559728777,6.66365783290971,8.90603228189311e-09,1.56126265002488e-07,9.85331649587063
"ITGA11",2.09787775422719,2.40472586090376,6.64972132725734,9.40731593412388e-09,1.63670270437585e-07,9.79988368934332
"LGI2",2.12539384336626,0.410338660146004,6.64519956794829,9.57591925487815e-09,1.65853196103633e-07,9.78255055290123
"THRA",1.08184807529962,3.42817061240495,6.63337576368197,1.00311466466264e-08,1.73217479893466e-07,9.73723458108269
"PFKM",1.10646174006694,4.13763888799011,6.6288364003062,1.02115834879511e-08,1.75806888855994e-07,9.71984005347235
"ARL4A",1.43206289582554,4.27053498320807,6.60936746770767,1.10228214631232e-08,1.87534285511986e-07,9.64525597231332
"SLC39A10",1.20881904868214,4.06618888882521,6.60263992971412,1.13178054671051e-08,1.91423586602724e-07,9.61949070970249
"BCL9L",1.0473602887323,4.25342690679166,6.60099504207869,1.13911165101794e-08,1.92381447942781e-07,9.6131916740324
"PCSK5",1.81972143868336,3.01838681896181,6.57708034541951,1.25119273749735e-08,2.08485573813047e-07,9.52163769174107
"CLIC5",1.43127688533205,0.689550411098044,6.57176392725706,1.27756340894228e-08,2.11734108076857e-07,9.50129135374525
"SQLE",2.14078592623344,5.0717448414755,6.55835695220578,1.34654673492487e-08,2.20630917434068e-07,9.44999300892378
"PRR15L",3.08231814627492,1.30020381730581,6.54648804568664,1.4107017936618e-08,2.30161883873959e-07,9.40459319338679
"MPZL1",1.17840620789232,5.68137051327964,6.53549355189482,1.47283977862002e-08,2.38612455707611e-07,9.36254956822898
"PIP5K1B",2.43261487393678,-0.476413270554032,6.52042376320227,1.56245660570455e-08,2.51015834913677e-07,9.3049399370244
"SLC1A3",2.19437904003898,2.58127942355568,6.50765415409761,1.64262600148997e-08,2.61708438220813e-07,9.25614024420419
"PDGFB",1.38691443430317,2.90047998645291,6.50033522298325,1.69040623251614e-08,2.68209572105552e-07,9.22817757481061
"GNA12",1.12512541891199,4.10543072355911,6.49880971280333,1.70053798664686e-08,2.69154594846785e-07,9.22234986495251
"KIF7",2.06414982933263,0.769535846837692,6.49572888270991,1.72118399555191e-08,2.70857535998516e-07,9.21058124957853
"TRIM45",1.31554762690014,1.15946951545909,6.47876365048497,1.83942271198425e-08,2.87503265348758e-07,9.14579140372931
"COLEC12",2.51165018677158,2.23321229993635,6.47646372749065,1.85606169966269e-08,2.89711389791734e-07,9.13701021350628
"JAM3",1.73163180723334,4.1383072057079,6.46961098968491,1.9065309724034e-08,2.95589176971414e-07,9.11084930208896
"NDRG4",1.78629215214873,-0.220067560534006,6.46152607391509,1.96783233027e-08,3.03868084734463e-07,9.07999043674052
"CHD3",1.22336448832102,5.23003599754678,6.4403205671432,2.13808691187084e-08,3.26660033489141e-07,8.99908351604789
"CD200",2.53695563725984,1.37278161185701,6.43658181753655,2.16958819901822e-08,3.30515544980475e-07,8.98482352928013
"RASGRF2",1.87974231851788,3.05823301894054,6.42927089532061,2.23252663081903e-08,3.35752212340254e-07,8.9569430476161
"APCDD1",3.54086599131717,3.07429892085775,6.42728209096169,2.24995972765e-08,3.37493959147499e-07,8.94935962034195
"CA5B",1.11368150966464,3.0590331377497,6.42572485036465,2.26370431094828e-08,3.3823612988068e-07,8.94342205687637
"SACS",1.15509514161643,3.74275166775087,6.42300047166881,2.28795138271912e-08,3.40535731608581e-07,8.93303494727759
"ZNF286A",1.30325548540256,1.76357208096091,6.39383961476984,2.56421986090224e-08,3.74883093732666e-07,8.82190352773804
"FBN1",1.48433047748748,6.2352992898761,6.39265005495506,2.57616773307721e-08,3.75677557535342e-07,8.81737205585845
"CEP250",1.13404018326848,4.03678645715894,6.38278740717521,2.67738261414577e-08,3.88962323100396e-07,8.77980745632156
"TMEM200A",2.55480880888623,0.990293027773167,6.38130715946294,2.69291090349075e-08,3.90235267233239e-07,8.77417043350919
"SDK1",2.53310153285684,0.0618319774229721,6.36758847877715,2.84115065984424e-08,4.06492576386777e-07,8.72193882969535
"VWF",2.30359041488376,4.36859591908795,6.36353386898932,2.88649615357963e-08,4.11021116937032e-07,8.70650552286025
"WTIP",1.28303590336036,2.38854398794943,6.36240930428837,2.89919983513256e-08,4.11850616973572e-07,8.7022253451826
"ORAI2",1.16980554140171,2.32783631152613,6.35631614347215,2.96900359853652e-08,4.18673062458664e-07,8.679036750842
"DNMT3B",1.76097825516259,1.08064621963003,6.3556520386277,2.97671184688569e-08,4.19247511035732e-07,8.67650963205183
"TRAF5",1.07251713595573,3.91569600927089,6.35243845950737,3.01429361936188e-08,4.23533351003143e-07,8.6642816898109
"SH3PXD2B",1.68431502869535,3.34542065013213,6.35242217000486,3.01448531576576e-08,4.23533351003143e-07,8.66421970979788
"LTBP3",1.09457275704602,6.13183962768146,6.34505191077101,3.10247364915867e-08,4.35365371569894e-07,8.63617961555846
"ALDH1L2",2.20962736584659,0.560149779910753,6.33614757519688,3.21218604581404e-08,4.47494758918659e-07,8.6023112836843
"PRKD1",1.59885518648186,2.75817444076362,6.33165923323132,3.26894046637235e-08,4.54303955175965e-07,8.58524292703737
"TMC7",2.06690279130724,0.450038176205388,6.31336289456663,3.51078704190659e-08,4.84413020674552e-07,8.51568906614554
"HSP90AB1",1.0449404488215,9.70732820907356,6.30772651544261,3.58881138600392e-08,4.92820706399467e-07,8.49427004717454
"CHST10",1.6458034530218,1.10305484842304,6.30541963604831,3.62124004729564e-08,4.94331407639707e-07,8.48550465219549
"CHRM3",1.97655803803333,0.095815892193077,6.29027753108417,3.84144365310339e-08,5.18257924427457e-07,8.42798502571715
"STXBP1",1.07932286214442,2.73690814477128,6.28679290368215,3.89397223093834e-08,5.22898366517738e-07,8.41475195526168
"TRO",2.07363820414556,2.44801985227744,6.28280723276134,3.95492882025272e-08,5.29648113624746e-07,8.39961791067905
"FERMT1",2.35081107342598,0.674876866615887,6.27209046914333,4.12357045390039e-08,5.46728565353345e-07,8.35893454742326
"NDRG1",1.10908923281416,6.96927126664801,6.26690632780083,4.20769318894724e-08,5.52798871691417e-07,8.3392592736297
"STC1",2.47550741061117,3.5879624058372,6.26311522832282,4.27028784527625e-08,5.59112035133502e-07,8.32487304084956
"MAGEE1",1.8230003519187,0.0297280597094302,6.23517043494654,4.76111217684387e-08,6.16362128651911e-07,8.21888402465639
"GLIS2",1.52759378025192,2.21774154159514,6.22933229260684,4.87052043967713e-08,6.28427888944919e-07,8.19675330383036
"STXBP6",1.831511049605,2.19303174050321,6.22580281398845,4.93787057457238e-08,6.35695726313532e-07,8.18337612986433
"B3GALNT1",1.6749346856914,2.58483922910319,6.21781066177527,5.09381463123084e-08,6.53583445731343e-07,8.15309063711299
"FDFT1",1.13208834750387,6.39331016607553,6.21534380282269,5.14292852978943e-08,6.5842042831433e-07,8.14374433930806
"EDIL3",2.82969682787547,3.50741822661332,6.20963450020265,5.25840812778754e-08,6.70229146453362e-07,8.12211620950609
"EFNB2",1.09810988207978,4.87251049174862,6.20876032467804,5.27631547693357e-08,6.7176930492747e-07,8.11880500053398
"CBX6",1.24758792963431,4.39780498058505,6.1841558267316,5.80593165753336e-08,7.27159844404422e-07,8.02564808554827
"ZNF610",2.06055649324487,-0.140489383107814,6.18180348542739,5.85924891059182e-08,7.32247412607547e-07,8.01674581087273
"PLAG1",2.0327159313265,3.84131782478482,6.18047135992425,5.88965755434043e-08,7.34456215019642e-07,8.01170479298066
"ASAP3",1.36703524506877,3.30972095592201,6.16078230592163,6.35780131945238e-08,7.84355488982708e-07,7.93722480333838
"MVB12B",1.00710441636671,2.94330074818152,6.15713442613837,6.44850517208891e-08,7.9300114243119e-07,7.92343118604572
"CEMIP",3.50561058024386,0.756041814651249,6.15474937121696,6.50850211292959e-08,7.99526857003651e-07,7.91441360810431
"MAP1B",2.03483534335714,4.50428280254717,6.1435886454663,6.7966967701373e-08,8.28279946590947e-07,7.87222649137606
"NAV1",1.16034770875565,3.28307578103243,6.14191102882832,6.84109754606962e-08,8.32405698248028e-07,7.86588661183621
"ENTPD1",1.22538649613117,4.57847950208624,6.13989124995561,6.89493613195725e-08,8.37190402969756e-07,7.85825417122399
"MAP7D2",2.13581260109951,1.4899899855157,6.13732354821737,6.9639872427229e-08,8.42912831529997e-07,7.84855200876214
"FOXC1",2.01113858712437,1.7705284147787,6.1216673002983,7.40011212624622e-08,8.86399723533232e-07,7.78941365514091
"TBKBP1",1.17252164602143,1.65289528072249,6.105903675601,7.86659108568504e-08,9.35475548179143e-07,7.72990370334579
"ASNS",1.28911377585666,3.49976458239705,6.10349331147029,7.940444701665e-08,9.42315119688331e-07,7.72080726720046
"KITLG",1.46032358469836,4.3329417928395,6.09374011496549,8.24636953392075e-08,9.71622804635096e-07,7.68400811298707
"SORT1",1.43195031834297,5.44753163560836,6.08745378376929,8.44971641293044e-08,9.94566110440333e-07,7.66029664075257
"PECAM1",1.28201742767232,6.18095746083497,6.07772874460703,8.77413492808642e-08,1.02542701515174e-06,7.62362568014345
"ZNRF3",1.61474868078745,5.25704617842538,6.07708698913373,8.79597260712206e-08,1.02693870468778e-06,7.62120623536209
"DLL4",1.43207598268506,2.68033425478764,6.06851745173931,9.09279434102766e-08,1.05618155297568e-06,7.58890435805361
"IL34",1.48185987164304,0.631635175341429,6.06827365446983,9.10138243309779e-08,1.05618155297568e-06,7.58798554629039
"PRKAA2",1.86981407256256,5.00279610549067,6.06704625758086,9.14474149407787e-08,1.06014666466521e-06,7.58335991979889
"AATK",1.89796353706519,-0.0248792537989343,6.06477666628976,9.22545736714076e-08,1.06843022821254e-06,7.5748071998711
"PRDM5",1.57335250714553,1.58260311880178,6.05293120038345,9.65833473439294e-08,1.11520411572795e-06,7.53018084808761
"HABP4",1.00166139602775,4.79573828517592,6.05247820865495,9.67528259333993e-08,1.11604384714176e-06,7.52847466031221
"HEYL",1.70598397480559,3.30952718143914,6.04361615301512,1.00128344981532e-07,1.14695179678448e-06,7.49510184922709
"EML6",1.88465687137505,2.58338244209545,6.04224928243581,1.00659270821591e-07,1.15188957234826e-06,7.4899554966367
"PRRT1",1.15033233217033,0.956283930515712,6.03661661957464,1.02876739951716e-07,1.17425703777182e-06,7.46875106342404
"PLAT",1.55038464003098,3.57593313197611,6.03320032527927,1.04245189878117e-07,1.18370983391973e-06,7.45589253152001
"ITGA7",1.52598383859082,3.71884651934871,6.0205073350366,1.09489491032393e-07,1.23338614708517e-06,7.40813273103038
"QPCT",2.15354636869039,1.80817908639553,6.01801495985396,1.10549559292659e-07,1.24408699164958e-06,7.39875750759145
"CLSTN1",1.01308132364351,4.94549468418975,6.01519139097895,1.11762786981899e-07,1.25492754309488e-06,7.38813760005996
"KREMEN1",1.39846839161512,3.54756462415602,6.01501450318296,1.11839229675036e-07,1.25492754309488e-06,7.38747233564138
"C1orf198",1.14258003925642,5.26720867206327,6.01368523555114,1.12415337798902e-07,1.25772155335629e-06,7.38247318957631
"TNFRSF25",1.32167332896012,1.99148200904301,6.0068683679528,1.15416327008476e-07,1.28506499231928e-06,7.35684029648642
"ZNF423",1.48752808931163,0.640449115156794,6.00536873258543,1.16087092051071e-07,1.28973491338912e-06,7.35120228262707
"CPNE5",2.17921446385917,0.252476183484084,5.99928123685899,1.18849842476479e-07,1.31567459977561e-06,7.32831928522907
"CDCA7",2.63383629880995,1.08421472885458,5.9984036156513,1.19253480011553e-07,1.31761388116213e-06,7.32502075542224
"SEZ6L2",2.41047605145288,1.04114301368539,5.97712367395961,1.29467340744648e-07,1.41020375400332e-06,7.24507629454501
"SPECC1",1.63151511502658,2.08351606242325,5.97656165537484,1.2974852910129e-07,1.41162725231016e-06,7.24296584578954
"NRP2",1.15579155595287,5.34619977320143,5.97331621254583,1.31384160930935e-07,1.42569736250079e-06,7.23077976417185
"CPD",1.14087911691445,7.55849901770198,5.96827081213767,1.33967587530681e-07,1.44828127663205e-06,7.21183838886185
"VCAM1",1.27925641655105,6.33733630860508,5.96081913359638,1.3787543949206e-07,1.48634877994477e-06,7.18387063526593
"GDPD3",1.29767306291072,0.537637749697875,5.95272509070069,1.42248191989195e-07,1.53062770018225e-06,7.15350178358281
"ASPSCR1",1.55754097303045,4.99598836266866,5.94929244877723,1.44143885187223e-07,1.54958035007886e-06,7.14062561728383
"PLCL1",1.64167571389104,1.91310939160566,5.94563369547295,1.46192007663143e-07,1.57013483090721e-06,7.12690333127271
"MAP3K12",1.04288818902619,2.85278078384075,5.9438554087306,1.47197854170628e-07,1.57799930098346e-06,7.12023456683074
"EMCN",1.45326480722137,3.9224061603913,5.94026831709919,1.49247716732702e-07,1.59552586887092e-06,7.10678411600006
"SYT11",1.50375082426261,2.98561727325936,5.93003374746026,1.55253040993318e-07,1.65359540891775e-06,7.06841898911374
"SLC38A5",2.70489782524535,-0.119742536610112,5.92707262407788,1.57034749555573e-07,1.66795196696458e-06,7.05732209478438
"PARM1",2.01518945879745,2.6659958862147,5.91227022524146,1.66249564065093e-07,1.75612520283045e-06,7.00187083133677
"PRKX",1.10336558530678,3.1020604134209,5.90596648222792,1.70334526068262e-07,1.79275978237877e-06,6.97826714711198
"UACA",1.09832222394237,6.41599574822659,5.90572801414725,1.70490994422285e-07,1.79275978237877e-06,6.97737435608927
"MORN4",1.28185226111031,0.58044654835147,5.89219713265493,1.7960624203956e-07,1.87659239304921e-06,6.92673186919823
"OLFML2B",2.61360893764533,1.38334965048442,5.88994196107625,1.81171692592531e-07,1.8878188564181e-06,6.91829428505475
"PROCA1",1.79564319195676,0.883872100252077,5.8738968508166,1.9270638909897e-07,1.99181738195037e-06,6.8582868014157
"ATP1A2",2.55746311202959,1.53931417018952,5.87328812336491,1.9315802702404e-07,1.99357169309738e-06,6.85601105020885
"COL4A2",1.94484675117545,6.90487474325965,5.87320231849058,1.93221773115117e-07,1.99357169309738e-06,6.85569027033076
"CD24",1.98466834153251,5.54442056990168,5.86907173335649,1.96315223311703e-07,2.02006788661953e-06,6.84024961271184
"CAP2",1.14390367535542,3.97069053075165,5.86052553588822,2.02872089308429e-07,2.07826780654771e-06,6.80831191328346
"FAM13C",1.29150653934553,3.3963974783287,5.85772648683066,2.05066365026954e-07,2.09888244949948e-06,6.79785435659448
"SHC3",2.21187571604033,-0.19753015125352,5.84679218598508,2.13865593543283e-07,2.1809531461145e-06,6.75701530864042
"PRKCQ",1.28411354165637,0.38096784386408,5.84590287928267,2.14597470380578e-07,2.1809531461145e-06,6.75369468719833
"COL15A1",2.65806930761074,3.52265805876323,5.84487914775675,2.15443045212838e-07,2.18569527399304e-06,6.7498722978549
"PHYHIPL",2.14210676052686,3.64294440931856,5.84308598777609,2.16932101635118e-07,2.19886800734718e-06,6.74317746190972
"FOXQ1",3.59700657136854,1.04413908082653,5.83177879029361,2.26559139162764e-07,2.27997840914694e-06,6.70097425477508
"PDE4C",1.87145781966451,0.0849212248773936,5.82618240792114,2.31479169730799e-07,2.31780574899719e-06,6.68009433885832
"NES",1.89057025308081,5.46685073513351,5.82320619837368,2.34138605207386e-07,2.33908243639783e-06,6.66899240421819
"ENAH",1.07545207732208,6.07560021111351,5.80654234191122,2.49597047538855e-07,2.46861872405413e-06,6.60686089476288
"PGAP1",1.07886408213405,4.63370371453764,5.79415110709072,2.61742595401525e-07,2.55864477792932e-06,6.56069146922611
"PAQR8",1.3790073360989,2.43466669820909,5.79315185552434,2.62747135975363e-07,2.56628976585589e-06,6.55696946367636
"TCF4",1.26214552117931,6.29869080466199,5.78392780935069,2.72201968619669e-07,2.65190009123976e-06,6.52262016186805
"VASH2",1.84235196791213,0.466987861193591,5.77924496479681,2.7713000352463e-07,2.69535800223997e-06,6.50518757634889
"EXTL3",1.09700596153379,4.36938899939154,5.76987881812885,2.87252849821102e-07,2.78208364625223e-06,6.47033247888134
"SUSD1",1.042640949625,2.99017135273898,5.76801521762985,2.89310212380757e-07,2.79965880856714e-06,6.46339917216167
"SPARCL1",2.01535185136235,5.89462169497164,5.75725726317775,3.01474766122476e-07,2.90276412956825e-06,6.42338772837026
"DUSP9",3.18461937908688,1.18462277046542,5.74983917361698,3.10156066553035e-07,2.97641449890953e-06,6.39581028638604
"OSBP2",1.90839120174507,0.225513405389009,5.74468548410025,3.16332451671277e-07,3.02060830300346e-06,6.37665687434694
"CCDC170",2.46909016613609,2.25039107955495,5.733619972915,3.30007694503072e-07,3.13303601324521e-06,6.3355489568256
"NUDT4",1.05227690447248,5.98362876206719,5.72618583281631,3.39521768731533e-07,3.21015049370347e-06,6.30794411919191
"CEL",2.62615213596873,0.821618103374704,5.70617859257825,3.66494719375848e-07,3.43421331275419e-06,6.23370328737225
"GRIP2",2.0282956437046,0.0817782357939419,5.70217720380711,3.72138130616155e-07,3.47959188811392e-06,6.21886434724247
"LAMA4",1.52794541730853,5.03677228445725,5.70210382000142,3.72242426522113e-07,3.47959188811392e-06,6.21859223544141
"GAL3ST4",1.73545459059761,0.0648926776963602,5.68986754594675,3.9004334738655e-07,3.62542305568401e-06,6.17323360845526
"CDK6",1.2620255565128,6.03128653185463,5.68485716908364,3.97572752996508e-07,3.68057921814985e-06,6.15466885857671
"DNAJC6",1.80049703847067,0.640998555743851,5.68338537118661,3.99811686812295e-07,3.69241617884694e-06,6.14921637464236
"RAVER2",1.33785997737251,3.15005468237686,5.67056804070847,4.19843977383957e-07,3.85581232414326e-06,6.10175030726277
"WSCD1",1.23095234143553,1.48661896063839,5.66640336260241,4.26564065108679e-07,3.90009238049934e-06,6.08633417503246
"THY1",1.84318929607493,4.85700973821289,5.65977455280335,4.37480117809636e-07,3.98604514923709e-06,6.06180364016024
"ZNF532",1.15057965066857,4.12463912590341,5.65610582458378,4.436398181343e-07,4.03127026929407e-06,6.04823083269936
"TMEM245",1.04488868562545,7.49120315836813,5.62728876017149,4.95097758027267e-07,4.43052958793213e-06,5.9417110388159
"CGREF1",1.73758700243938,1.65243316045932,5.61586077667408,5.17099496514323e-07,4.60242491689253e-06,5.89951396179747
"ITGB4",1.63384768548564,1.0327995245082,5.61160857062991,5.25530256925949e-07,4.65740205064523e-06,5.88381962943246
"ZMYM3",1.03515798612905,4.8614138164283,5.59277164717055,5.64540169980751e-07,4.95611119465936e-06,5.81433879386967
"NQO1",2.56236871536709,1.90155743933138,5.58778510863909,5.75336972717039e-07,5.02005444802651e-06,5.79595775207411
"TTYH2",1.10121592244242,2.15927710288861,5.58574916157894,5.79803576256123e-07,5.04757302046369e-06,5.78845443735578
"ARHGAP44",1.25617090260196,1.39028712736104,5.58456478025482,5.8241769015419e-07,5.05887654813899e-06,5.78408988691159
"NFATC4",1.58383142313754,3.11932785564207,5.57539368677571,6.03057557750232e-07,5.21068833606661e-06,5.75030330707799
"ZNF711",1.55129536404803,4.04697943761103,5.55645769436937,6.47985483950997e-07,5.54900709530419e-06,5.68059734275296
"FMNL3",1.16988606871026,4.3863164179328,5.55476555217814,6.52157555904413e-07,5.58059154848472e-06,5.67437195390631
"MFAP2",2.57570242060666,1.25179528333895,5.5540250493832,6.53991637735509e-07,5.59213753986589e-06,5.67164783263534
"HEY1",1.43433938212285,2.07974000247112,5.55377945834414,6.54601042742702e-07,5.59320224299042e-06,5.67074439094744
"MAP1A",1.99186626518902,1.07022819599768,5.5521923535631,6.58552793012906e-07,5.61864383683718e-06,5.66490630262411
"MEX3B",1.63054465926519,0.98366183467567,5.54405664146775,6.79182713871551e-07,5.7690519915378e-06,5.63498773971317
"BBS12",1.09002199945267,0.403442744568725,5.54210586345382,6.84223400286682e-07,5.8075915543097e-06,5.62781593801216
"TGFB2",2.03079650308427,2.41850618240265,5.53965249672071,6.90615190429731e-07,5.84464139516283e-06,5.61879756344269
"B3GNT5",1.45336992239166,3.7242541009897,5.5340618138564,7.05401658946579e-07,5.95177025167396e-06,5.59825140399484
"CDH11",2.19046118989192,2.99462279267014,5.531236848371,7.12991634479914e-07,6.00580624360576e-06,5.58787196086065
"OLR1",3.14144952553471,1.16020896404951,5.52504000588628,7.29924441896537e-07,6.10121625889605e-06,5.56510953522428
"GDPD1",1.20239281090805,0.991367592478781,5.52396364009567,7.32905784830226e-07,6.11727078727688e-06,5.56115662643032
"PIEZO2",1.30313552961318,4.83413433821662,5.52368519370606,7.3367898647416e-07,6.11738022534475e-06,5.56013408365303
"STX1A",1.6733649007845,0.0381177869821838,5.52338628929051,7.34509892683353e-07,6.11738022534475e-06,5.55903643089725
"SEMA4F",1.2381365877562,0.66571883396029,5.51761584627506,7.50734028914469e-07,6.21659513533984e-06,5.53784962724336
"EFEMP1",1.88783777812465,4.68437949291017,5.48903708209182,8.36446326109212e-07,6.82831974035207e-06,5.43302480428435
"CAMKK1",1.16633488464629,0.831988120410557,5.48903687861173,8.36446969494363e-07,6.82831974035207e-06,5.43302405856193
"CTSC",1.14180204717347,6.15537290736079,5.47834061128109,8.70950991051427e-07,7.06499274386653e-06,5.39383637806948
"SNTG1",2.99837071212296,0.252782359209546,5.47666721276025,8.76474567717392e-07,7.09483097447026e-06,5.38770784326424
"PAQR7",1.05511725429904,3.98170487225058,5.47624040807994,8.77888891712147e-07,7.10129618927042e-06,5.38614484246958
"BCL11A",1.56849744006282,0.999728953528743,5.46571140896576,9.13500963341182e-07,7.36354550114642e-06,5.34759926500355
"FLT1",1.00516831326914,6.13266071087107,5.45998071265784,9.33478713401857e-07,7.50649858032141e-06,5.32663003606778
"KIAA1614",1.34857082650342,0.157055498944794,5.45875017895215,9.37824336817515e-07,7.52804712956857e-06,5.3221283284741
"VANGL2",1.80482525898348,2.06104056098079,5.44807854965957,9.7635755386829e-07,7.79936591680798e-06,5.28310199256061
"HRC",1.49299571151462,2.69240100847405,5.44081899181764,1.00345842514623e-06,7.97168934852736e-06,5.2565681552951
"PALLD",1.17664523789969,6.32629322569284,5.43616220735776,1.02123189773623e-06,8.09059748652982e-06,5.23955371716682
"GPIHBP1",1.95015380945074,0.881021635105299,5.42673542751363,1.05816635619916e-06,8.34309563824831e-06,5.20512612031443
"LRP4",1.70035943082707,2.69972809747177,5.39351890246792,1.19911265540964e-06,9.3143195152527e-06,5.08397656600149
"ATP1B3",1.34536046643664,4.80077656999002,5.39037931722296,1.21335496135835e-06,9.41227268276301e-06,5.07253873084835
"PLEKHG5",1.20184712989376,2.1190872267597,5.38263932238273,1.24918234449743e-06,9.63189728862152e-06,5.04435085654805
"PLXNA1",1.33960031119337,3.42386454871079,5.38033860970289,1.26003159881191e-06,9.68964299486358e-06,5.03597469039103
"CDC7",1.19564419713403,3.16440153985701,5.37540237376057,1.28362320815755e-06,9.80569119609095e-06,5.01800757050856
"UNC119B",1.23451227333735,4.34086501351143,5.37371125496912,1.29180519212648e-06,9.8421221209901e-06,5.01185346986244
"MBNL3",1.50899375817771,8.74765332969679,5.37135085486186,1.30331127391736e-06,9.91014867807298e-06,5.00326492272451
"CPXM1",3.022111572179,1.22259489714232,5.36400302533241,1.33977948869983e-06,1.01406538071867e-05,4.97653746444304
"SCUBE2",2.21483235836196,1.28861917716955,5.36219699011394,1.34889588753826e-06,1.01895966357261e-05,4.96997001535357
"ALPK3",1.63459030751815,4.64621387293109,5.36111118667469,1.35440612839626e-06,1.02245253213684e-05,4.96602197887758
"LYPD1",2.69467755481601,-0.339998484131305,5.3599203933421,1.36047466905498e-06,1.02636202142245e-05,4.96169251240272
"TMEM119",2.90287802184374,0.243207737377772,5.35097197059202,1.40694278578547e-06,1.05589362615715e-05,4.92916867322812
"TMEM132A",2.01990532122577,0.732686073488665,5.31656549858571,1.60062857828018e-06,1.17450703883345e-05,4.80429255948045
"PLEKHH1",1.35251692205235,3.03176392297065,5.30902169128149,1.64648305963249e-06,1.20279810594432e-05,4.77695077965535
"TCTN2",1.19929656713177,1.89088919958382,5.27848987926045,1.84564889564988e-06,1.32810729952098e-05,4.66643283492135
"AFAP1",1.29655614356162,3.139531188227,5.24313125621156,2.1060539484972e-06,1.49508411515794e-05,4.53873081565856
"GPR173",1.42752291090736,0.307526569982874,5.24238732799294,2.11190405265288e-06,1.49661644467421e-05,4.53604738876325
"ZNF503",1.13038343698908,3.32176876622352,5.23796039204661,2.14704868828466e-06,1.51567971966729e-05,4.52008185525587
"ABCA3",1.08033741308929,0.691883950547818,5.23740720344019,2.15148059359887e-06,1.51695162879969e-05,4.51808715480404
"LMOD1",1.85120450620691,3.51072262056596,5.2365307892287,2.1585204716433e-06,1.52098556141756e-05,4.51492711828117
"ZIK1",1.06507518813984,1.27510080549291,5.23616454065234,2.16146910640622e-06,1.52213346412673e-05,4.51360661432486
"COL9A2",1.81516600963161,0.421671633851316,5.23286185306152,2.18823835676948e-06,1.53816754694308e-05,4.5017003556471
"PLCE1",1.38902244289128,1.84001431311928,5.22061387013902,2.29038947879433e-06,1.59731817641431e-05,4.4575703000172
"PCDHB14",1.23356255424828,0.857578505968192,5.20038471142337,2.46946810878727e-06,1.69700486269496e-05,4.38476768172929
"SPAG8",1.29952940607736,-0.231017321632714,5.18831828495506,2.58276890500753e-06,1.76913535150011e-05,4.34139212191791
"KRBA1",1.07490586065758,0.443738531302895,5.18800188399206,2.58580758293993e-06,1.77016560648143e-05,4.3402552537686
"RCN2",1.0369036077258,5.20710824021059,5.18467641348315,2.61795839230492e-06,1.78687278433356e-05,4.32830799899474
"LPCAT2",1.03830319576457,3.44774632420322,5.18313266490483,2.63301668707923e-06,1.79396618342935e-05,4.32276282821365
"EFR3B",1.6269417425169,-0.28623001462872,5.17608549822004,2.70284602152544e-06,1.83543876275608e-05,4.29745719015128
"RASL10B",1.83453774118675,2.12847227064556,5.17586852503364,2.70502461784597e-06,1.83543876275608e-05,4.29667826822846
"GPNMB",1.83039741432774,5.99631436883106,5.1754071323413,2.70966313517659e-06,1.83593987149002e-05,4.29502193457478
"MDK",1.83887024719714,3.09366851144137,5.17516210543793,2.71212964110879e-06,1.83593987149002e-05,4.29414234577014
"CUBN",1.02228829065644,0.207017581700952,5.17452504839897,2.71855276018337e-06,1.83920856825309e-05,4.29185553483484
"PLXDC1",1.73445762854115,2.11094704067545,5.1703958051979,2.76054989221394e-06,1.86107206351185e-05,4.27703558324489
"FNDC1",2.10941147241459,2.75662444581789,5.16964725260769,2.76823115902757e-06,1.86516042169293e-05,4.27434948954551
"ANGPT1",1.62733824890733,3.05117338589434,5.15993322602504,2.86983737652772e-06,1.92798917520368e-05,4.23950521471067
"MGAT5",1.09420261691026,4.11115490127604,5.14486024945061,3.0347956763839e-06,2.01998662014358e-05,4.18548776362448
"CKB",1.51018982936092,2.62223175745956,5.14412916159981,3.04302934224956e-06,2.02313218806044e-05,4.18286927885748
"PSTPIP1",1.26311904793144,1.14280852580335,5.13864728747134,3.10547070618481e-06,2.0610819675398e-05,4.16323978850665
"CORO2A",1.45516556315223,2.68887384027755,5.12253668401263,3.29635642719663e-06,2.17276979358361e-05,4.105597556611
"ARHGEF15",1.13739366975906,2.39181706158524,5.12116545112304,3.31312584390807e-06,2.18257604851397e-05,4.1006946388142
"SEMA6B",1.32897038998795,1.73298350034644,5.10206314246781,3.55563805081489e-06,2.3224396894762e-05,4.03244627067187
"LINGO1",2.6649788534204,-0.0111843160192056,5.10015865243033,3.5807514583244e-06,2.33455145319447e-05,4.02564738621088
"LOXL2",1.42662098418223,3.02145992031148,5.0963086744984,3.63205209329806e-06,2.36165281263772e-05,4.01190628524899
"NOTUM",2.66788932530272,4.56424593918199,5.09514293046224,3.64772741610144e-06,2.36917430995102e-05,4.00774638434135
"SLC38A11",1.4533286196984,3.82457258878268,5.08755674154536,3.75137134826921e-06,2.42828667240659e-05,3.98068454265555
"SEMA5B",1.45962513579647,0.388105622066073,5.08720447508763,3.75625370121711e-06,2.43008336755689e-05,3.97942830382113
"HSPG2",1.34631083691719,6.03399553310581,5.07985817631342,3.85950588331181e-06,2.48572866354002e-05,3.95323801129537
"ZBTB12",1.62263151556366,0.300764699069691,5.07923769037053,3.86835336319842e-06,2.49003660962577e-05,3.95102659856793
"PXYLP1",1.1240780016543,3.62580929435539,5.07218898858251,3.97026918256417e-06,2.54525332433145e-05,3.92591249391919
"MYOCD",1.83360910481952,0.819602260437027,5.07009807017576,4.00100514329429e-06,2.56105302202955e-05,3.91846532442856
"LOXL3",1.2143102441744,1.39628776884731,5.04964809354159,4.31419969385565e-06,2.71936029883196e-05,3.84569340059225
"ASIC1",2.58749598695758,0.551284813838862,5.04534114020181,4.38316616816247e-06,2.759815597694e-05,3.83038189194289
"CAPG",1.56706886845794,2.83350563716012,5.0306639760443,4.62641371469113e-06,2.89270954643093e-05,3.77824287602517
"P4HA2",1.22903280959965,4.26182074310227,5.03063947701289,4.62683061392724e-06,2.89270954643093e-05,3.77815589686477
"SSUH2",2.54620979981446,1.89324633887026,5.02879991306479,4.65823994703866e-06,2.90919316670769e-05,3.77162536089683
"MPP3",1.41070616030741,0.299842032365487,5.02100277587513,4.7937098108527e-06,2.97607334059128e-05,3.74395584964793
"TRPM3",1.89611337585541,0.533141818555427,5.01732821169845,4.85888567554449e-06,3.00844048670992e-05,3.73092201986299
"PRTG",2.30698796413855,1.15808386915099,5.01702678665415,4.86427048220528e-06,3.00946351656536e-05,3.72985302401232
"CBX5",1.10821507789504,6.03968828549742,5.01687783342195,4.86693361778719e-06,3.00946351656536e-05,3.7293247749485
"KIF26B",1.65561741924819,2.18714255160229,5.01647002431464,4.87423216048668e-06,3.01147659192362e-05,3.72787854956507
"LTBP2",2.23538204280442,3.35484996806329,5.01367970941434,4.92445920419751e-06,3.03998116619837e-05,3.71798445030228
"HSPA12A",1.07557657813648,2.47289805918881,5.0136144929454,4.92563918476355e-06,3.03998116619837e-05,3.71775322770444
"VCAN",2.28206476250319,5.8709309192238,5.00928657429416,5.00456859522728e-06,3.07716944274769e-05,3.70241147510383
"RNF24",1.06653229960561,2.70478524388808,5.00714475297524,5.04408719865499e-06,3.09486945938751e-05,3.69482106210096
"RHBG",2.45773941555763,4.66722707454179,5.00222097155654,5.13609996647505e-06,3.14630446698299e-05,3.67737664513467
"JAG1",1.0542689605846,6.05116449828946,4.99281527930061,5.3164672781616e-06,3.24301692509752e-05,3.64407273992348
"DBN1",1.83972017233443,2.25073448516655,4.98017943202151,5.56858713467054e-06,3.37147104746842e-05,3.59937176633023
"NCAPD2",1.08472423880726,4.16974147174748,4.9789500870883,5.59373284806978e-06,3.38174572340068e-05,3.59502527599001
"MTHFD1L",1.11667334530276,2.94921408341238,4.97607828800777,5.65290891306767e-06,3.41155168875104e-05,3.58487341834673
"INPP4B",1.41183641399831,3.07255200577021,4.95426206096031,6.12294527895545e-06,3.66709105881366e-05,3.50783162444599
"FAP",2.57334064678352,1.53472464101526,4.94938562646629,6.23313604694277e-06,3.72534840940336e-05,3.49063016578891
"RTKN2",1.77401925366046,0.824365253835851,4.93405582487029,6.59234927474202e-06,3.92175084497933e-05,3.43660077568465
"RAB3D",1.02169688743014,2.56594756945704,4.93100624777419,6.66618996565178e-06,3.95955207280089e-05,3.42586099162639
"SEMA3A",1.52949190007892,1.57198590656831,4.9214326298087,6.90330540208768e-06,4.07938667075212e-05,3.39216339922217
"TAX1BP3",1.14643341620951,0.144423199132504,4.91672589709575,7.02289069400365e-06,4.13522430604044e-05,3.37560655323936
"USP27X",1.16926083273198,2.95550140520545,4.89860484596029,7.50254059987327e-06,4.37743074453911e-05,3.31192471513109
"RNF144A",1.28919050398838,2.52191401901744,4.89752863849784,7.53201507979155e-06,4.39240616508572e-05,3.30814579026269
"IGF2BP3",1.78053737463375,2.88670236005555,4.88633047447863,7.84551256344092e-06,4.5659933107614e-05,3.26884624060716
"LZTS1",1.56982356125696,1.06072836489902,4.88055926217615,8.01203454479816e-06,4.65117355179903e-05,3.24860735763566
"TSC22D1",1.04948755019986,7.85862469423725,4.88013393931366,8.0244428025023e-06,4.65603358787043e-05,3.24711621051311
"BEX1",2.57829142064528,2.91135341999546,4.87213449242551,8.26135281165717e-06,4.76711879352003e-05,3.21908116720915
"RNF43",2.14901548319289,4.05001467367587,4.85703407260789,8.72737396978861e-06,5.00598004681808e-05,3.16621374283125
"NLGN2",1.06948874518196,3.27983308086012,4.85498868444538,8.79244449892191e-06,5.03579182199922e-05,3.15905816041151
"GPX7",1.24021094056302,2.41770064578191,4.85156606160852,8.90239322062196e-06,5.08865737363104e-05,3.14708737435214
"EFNA4",1.1966262120485,0.444110573630263,4.84971650707665,8.96236751350375e-06,5.12040164775957e-05,3.14061998848955
"TBC1D16",1.02920134484182,4.1226307066115,4.84704134919271,9.04981338857697e-06,5.16269027879502e-05,3.13126758186498
"WNT2B",1.02449529700705,1.7960222918253,4.84056155639542,9.26510155285208e-06,5.26467716316004e-05,3.10862336474509
"GALNT6",1.18615554695823,1.21182900326273,4.83298695181249,9.52312375315782e-06,5.39005066205473e-05,3.08216991392833
"FBLIM1",1.22294653937582,3.43666154324565,4.82895351095449,9.6633751382665e-06,5.45871852203252e-05,3.06809093772494
"PYGO1",1.41510812546081,1.50791392558423,4.82587496094622,9.77178113027027e-06,5.51725380996904e-05,3.05734851788853
"TSPAN18",1.06990860514433,3.656648152963,4.82175780493567,9.91862161610941e-06,5.5892183850426e-05,3.04298662097264
"LOXL1",1.96539106188477,0.672184049391805,4.82141329741397,9.93100608671671e-06,5.58960473442862e-05,3.04178511657809
"BDKRB2",1.61563876907029,2.27573294057819,4.82007973161706,9.97908835212333e-06,5.61232492158667e-05,3.0371345267815
"PCDH17",1.0783342900976,3.19639352358439,4.795716655504,1.08986812318663e-05,6.06446155376639e-05,2.9522718399572
"ZNF233",2.05989808894243,0.113967515905483,4.78877962097841,1.11753478347961e-05,6.19748256126791e-05,2.92814311396968
"ACTA2",1.41055163939405,6.95939245517717,4.78816109281296,1.12003472334067e-05,6.20836162120837e-05,2.92599247050262
"RAPGEFL1",1.09785624313146,2.49363650405168,4.78700555496649,1.12471978683412e-05,6.22535640169462e-05,2.92197495595484
"VSTM4",1.14658157894149,3.91507089340856,4.78516206296205,1.13223382740699e-05,6.25793828420682e-05,2.9155664878743
"MCAM",1.2487591215193,5.28176969200737,4.77898430648334,1.15777389778951e-05,6.38696160988172e-05,2.89409895481992
"TET1",1.62438121083963,0.791065891814394,4.77443549378368,1.1769388587366e-05,6.48119054272822e-05,2.87829984035566
"IQCH",1.96169201748938,1.06786095937931,4.77439254039336,1.17712129926447e-05,6.48119054272822e-05,2.87815068488338
"DAGLA",1.60813445144989,0.805195503510283,4.77370779711847,1.18003341941926e-05,6.49412475811127e-05,2.87577299738808
"COL11A2",2.21425108928912,2.08241123331222,4.77065441425172,1.19310501071842e-05,6.54539803005532e-05,2.86517234817591
"AEBP1",1.69426243162665,6.15025260924388,4.75712092665227,1.25276673861984e-05,6.83112351998298e-05,2.81822365938812
"THBS2",1.75742616193449,6.41805575321,4.749586915547,1.28723361581957e-05,6.96446517752289e-05,2.79211351450164
"KAZALD1",1.5886366566897,0.492408317723016,4.74148044922978,1.32535459587918e-05,7.13723868509166e-05,2.76404024282789
"ZBTB7C",1.61008354676033,0.443477946565505,4.74055527884718,1.32977476941081e-05,7.15089406304361e-05,2.760837685927
"SERPINH1",1.13304820581715,6.5493015911028,4.7156068662856,1.4545543394976e-05,7.71421816009992e-05,2.67458336177776
"SCRN1",1.11050563449819,3.66311406125833,4.70874662489062,1.49082528380858e-05,7.88115015982217e-05,2.65090168228384
"CPA3",2.4007213385039,1.72146320428896,4.69998425002691,1.53843997817231e-05,8.09206801104314e-05,2.62067671435377
"CDK5R1",1.03624157257572,0.758783582628984,4.68994920079889,1.59479619884024e-05,8.33528507187229e-05,2.58609348184089
"CEP131",1.23402747916671,0.580907210747865,4.68815399183622,1.60508839512355e-05,8.38527836854625e-05,2.57991033424917
"TRIM59",1.29846105029567,0.416524630159869,4.68496033746475,1.62355864247661e-05,8.45878452618236e-05,2.56891328498467
"ETV4",1.84372043344653,1.94727599816673,4.67403741735165,1.6883126729747e-05,8.77238138863205e-05,2.53132736596258
"COL8A2",1.3672564428323,0.56691258987745,4.66936294361758,1.71678843254608e-05,8.89641738610906e-05,2.51525483097401
"LBH",1.15519846533336,4.70696984982943,4.66441492307064,1.74744133969719e-05,9.03889500152782e-05,2.49824986316941
"ARHGEF17",1.30767723276491,4.77535148102848,4.66115153694567,1.76794964714368e-05,9.12451864868114e-05,2.48703909412363
"PRRX1",2.96931082058856,0.575708053960432,4.65624438738053,1.79923089844797e-05,9.25284369754674e-05,2.47018834159762
"HTR2B",1.04393921721482,1.6217125618784,4.6430326316189,1.8861602599307e-05,9.64399760562969e-05,2.42486138475601
"MYEF2",1.89436501701834,2.27380833314299,4.64179621655953,1.89450213938719e-05,9.67378582462648e-05,2.42062256530174
"STK33",1.71079591140349,-0.27987255614197,4.63949130570828,1.91014918954637e-05,9.73644317340582e-05,2.41272201724848
"MSRB3",1.05159073308586,3.93147269277464,4.63796135504084,1.92060492217701e-05,9.77385027252391e-05,2.40747881686044
"SPOCK2",1.16204945264049,2.92638302774378,4.63485072470393,1.94203554214036e-05,9.86410390955043e-05,2.39682106562282
"GRAP2",1.09066524695961,0.742915852456975,4.63329997453315,1.95280637361883e-05,9.91444609141425e-05,2.39150908381057
"TMED3",1.0533504154109,3.80524551303008,4.62558914491383,2.00723371106364e-05,0.000101461178164413,2.36510860205126
"PIK3R6",1.05730594793983,0.0252069611123434,4.61561865400456,2.07980898169098e-05,0.000104579758517025,2.33100216305145
"SLC2A1",1.82886250565412,1.76949003044455,4.61504555014831,2.08405750519526e-05,0.000104747726895108,2.32904278057653
"SHISA3",1.4802591181234,0.399977524705705,4.60083215694414,2.19217399862485e-05,0.000109182759387468,2.2804855322698
"RPGRIP1L",1.00149184972379,1.65947642348233,4.59658785941941,2.22550615531431e-05,0.000110604108149722,2.26599951145869
"GJA1",1.41369252834042,5.13907954407273,4.59542661119665,2.23471166932571e-05,0.000111013777371542,2.26203721521607
"APOLD1",1.12296046770739,5.31887139334999,4.59188943613091,2.26298113360984e-05,0.000112321374252106,2.24997095362789
"MYOF",1.16477819520874,4.1373405654298,4.58634061484282,2.30803173363335e-05,0.000114360592987374,2.2310513465914
"CDH24",1.22223064819007,0.201289401250935,4.57481950471776,2.40438082229713e-05,0.000118675792833536,2.19180317580347
"SPARC",1.47888245511014,9.35041098885889,4.57005903100855,2.44532658011806e-05,0.000120387717036542,2.17559980990031
"PDZD2",1.06260441623514,1.95708184692701,4.56551527648732,2.48504175920246e-05,0.000122028156365647,2.16014165537245
"WNK4",2.29567730548843,0.214277248442303,4.56540055349818,2.48605260042714e-05,0.000122028156365647,2.15975145583017
"GATA2",1.36657277734198,0.40747492337026,4.56508704766128,2.48881699089159e-05,0.000122059965943599,2.15868517368949
"GPX8",1.42328302778709,2.42901824970901,4.558082035875,2.55137197102054e-05,0.00012470371053272,2.13486923470624
"ARHGEF28",1.0799533525363,4.17847189318252,4.55022063624852,2.62339957723507e-05,0.000127737079457182,2.10816272578232
"DOC2B",1.13142204402806,1.1931161942605,4.54599812684176,2.6629009091804e-05,0.000129387371471761,2.09382734634893
"SMARCD3",1.11926299988252,2.34453540714392,4.54526877577445,2.66978238373752e-05,0.000129667114932262,2.09135185900469
"PRSS35",1.51674966246424,1.71622728139041,4.54253275211875,2.69575167275488e-05,0.000130873297749274,2.08206724810305
"HMGCS1",1.24971379702543,8.43218908143504,4.53696449580212,2.74936567152826e-05,0.000132972465497185,2.06317992128032
"ZNF793",1.11650924995059,2.63752812498743,4.53047945358873,2.81311685648583e-05,0.00013537464722388,2.04119708295745
"CCDC8",1.47738748847066,1.06561892609482,4.52548409702588,2.8632031185193e-05,0.000137269526068662,2.02427438573842
"UGT3A2",2.6847303271895,0.0734408587834682,4.51762626049727,2.9437525675654e-05,0.000140547126932396,1.99767294918677
"ATL1",1.55336498942981,-0.155185375700621,4.51588117037238,2.96193839830181e-05,0.000141298426072834,1.99176829534416
"BCAT1",1.49349056581472,3.40688410548653,4.51255343973159,2.99692083499064e-05,0.00014261337389281,1.98051174467822
"SLC6A11",2.25607760948383,2.39844199073633,4.50936622129765,3.0308031386642e-05,0.000143869605779801,1.96973431033811
"GFI1",1.38984776116321,0.116958433135774,4.50807395110169,3.04464685990301e-05,0.000144407901023771,1.9653656215208
"PMP22",1.15771999056991,4.38979746504539,4.49623489654926,3.17437428637716e-05,0.00014994433822015,1.92537079579364
"MMP14",1.43419109230903,5.38980740669933,4.49513755822884,3.18666737893615e-05,0.000150463398346412,1.92166637709736
"COL1A2",2.06442754209024,8.42014963712192,4.49427504395837,3.19636233420956e-05,0.000150797707669151,1.91875499542625
"COL12A1",1.31984956241373,5.25200861295217,4.49292575815091,3.2115863797404e-05,0.000151392108256255,1.91420108895369
"PLXNA3",1.13816684238231,3.63957098394036,4.48864855175239,3.26031419587201e-05,0.000153563594321697,1.89976976615963
"SV2A",1.54760989988098,1.10244641714425,4.4745398159957,3.42620240996763e-05,0.000160524958566112,1.85221502535492
"TEX9",1.07085467856215,0.914212163880753,4.46810545596584,3.50455649854895e-05,0.000163796836348307,1.83055211393197
"CACNB3",1.21231191043076,1.17241845203441,4.46329120584905,3.56431919666974e-05,0.000166186022366958,1.81435386013416
"SLC29A4",1.65616578238081,2.61527047751646,4.46164375650493,3.58499693594949e-05,0.000167002177806476,1.80881277227655
"EVA1B",1.29349357012383,-0.255287569940391,4.46162527374682,3.58522958045505e-05,0.000167002177806476,1.80875061251673
"APBA2",1.59526283930249,0.126305389131223,4.46155078967161,3.58616726854479e-05,0.000167002177806476,1.80850011482876
"NDUFA4L2",1.4910725744577,1.26332401609554,4.45265330085913,3.69991188424425e-05,0.00017174440074349,1.77859195814685
"ADAM23",1.67827348513872,0.103667568860552,4.44823898009235,3.7576388769063e-05,0.000173934046729993,1.76376467307854
"SLC4A8",1.27471509127952,0.679828432283622,4.44227762241953,3.83698879535766e-05,0.000177038663017803,1.74375273550429
"PKN3",1.22302199549983,1.40406703430413,4.43924396583481,3.87799214360604e-05,0.000178716098188157,1.73357409460079
"C18orf54",1.08191954663219,1.22722663564579,4.43612088234776,3.92064921719396e-05,0.000180393652653898,1.72309905556388
"CBX2",1.91586408656768,0.0499762385624291,4.41877045096092,4.16606944037393e-05,0.000190924159692941,1.66497218061898
"RACGAP1",1.19674814693177,3.37012834596305,4.41585092023893,4.20880796419816e-05,0.000192653174075499,1.65520257403377
"RGS5",1.21954923592353,7.5459540403217,4.41184307874525,4.26817277085622e-05,0.000194915434887161,1.64179648762841
"GPAM",1.45307784414014,8.31043410009135,4.41128311970953,4.2765315005326e-05,0.000195210885867208,1.63992393603113
"ARHGAP6",1.03295537493024,1.69880761134945,4.40809168091628,4.32447596309731e-05,0.000197198464176089,1.62925379033736
"PPP1R9A",1.08561420382978,3.6998294003232,4.4080435802828,4.32520255193328e-05,0.000197198464176089,1.62909300233381
"CD74",1.07290242494442,9.38142272074639,4.39536905746734,4.52085081185211e-05,0.000204823307599034,1.58675644694483
"SSPN",1.22588041267641,2.5340793269631,4.37739427833448,4.81312758747401e-05,0.000216281366270014,1.52682225768918
"BAIAP2L2",1.96400720206658,-0.116252057688098,4.37612747710325,4.83440473312885e-05,0.000217110235400839,1.52260304554086
"SYNM",1.08273644824587,3.63401962824893,4.37205853805942,4.90336625558538e-05,0.00021931108863194,1.50905526569869
"HSPA12B",1.07104957961021,1.19647307166584,4.37186994138984,4.90658570492825e-05,0.000219370023668013,1.50842747861332
"PRRT2",1.30925842985531,0.3371091726559,4.37161804382619,4.91088893777203e-05,0.0002194773494661,1.50758900175409
"LRP8",1.25414880818781,0.150770683014476,4.36950612465129,4.94711188684263e-05,0.00022058343878906,1.50056015552754
"FAM222A",1.19859588901244,0.975382374824524,4.36844971770534,4.96532825852258e-05,0.000221310129296978,1.49704489892461
"RELN",1.97594275728442,8.00084256943654,4.36394356381896,5.04376525990674e-05,0.000224286169132707,1.48205531909979
"CACNB1",1.16993647411689,-0.234887512459324,4.3623151870464,5.07240472240352e-05,0.000225472787949613,1.47664053508504
"TUBA1A",1.26076979514634,4.09588137444031,4.35978656695489,5.11719066540466e-05,0.00022712450822857,1.46823426905309
"ZNF287",1.12858994465694,-0.168027959199891,4.35731435750537,5.16134856106942e-05,0.000228721304848005,1.46001796889757
"PKM",1.26148847546414,5.77170565592803,4.3530329088682,5.23869924674456e-05,0.00023188179513123,1.44579442163543
"HRH1",1.11701881033613,0.30856539280963,4.34660347022894,5.35697452587239e-05,0.000236572362771585,1.42444855252899
"NRARP",1.0400671486891,-0.0831508491712329,4.33608855925961,5.55601306709502e-05,0.000244147088491204,1.38957409880395
"ANTXR1",1.31576276322087,5.73394033581885,4.33043378795126,5.66600210690436e-05,0.000248223829484018,1.3708372671133
"ISYNA1",1.07652627334708,3.39881651530855,4.33019757880029,5.67064220951569e-05,0.000248332793799406,1.37005487567729
"FLNC",1.98307610674519,1.02341432455882,4.3210805341149,5.85258288439087e-05,0.000255331102766447,1.33987366133453
"CHST3",1.17657659091723,2.41058846932877,4.31779642729613,5.91949832995323e-05,0.000257762979373388,1.32901004062264
"SMYD3",1.18344726262448,2.33131083213191,4.31456670623202,5.98602926836319e-05,0.000260168981200337,1.31833053916067
"CXCR4",1.2454322136654,5.0413036605782,4.29869209139448,6.32372709101045e-05,0.00027248484122079,1.26589997073472
"KRT23",2.94469945845125,2.11842026827512,4.292030242678,6.47088299443931e-05,0.000277891419735136,1.24392754981645
"SLCO2A1",1.23686710284455,2.799727579407,4.28838416671882,6.55282289608202e-05,0.000280887447440751,1.23190950210604
"PDE5A",1.35477317278973,3.47472282182453,4.28726320977458,6.57821623808205e-05,0.000281766521746292,1.22821573313168
"TESPA1",1.17226067432014,0.210313220667358,4.28710558302124,6.58179464246873e-05,0.000281815149223744,1.22769636353491
"MGP",1.92516379619667,6.50761228880271,4.28489750159898,6.63212080710902e-05,0.000283759323108318,1.22042194390794
"ADAMTS7",1.11984573554959,0.939237051404461,4.28014868601775,6.74162206876944e-05,0.000287484697091518,1.20478391180854
"TXNIP",1.33559943875045,8.71891343419566,4.25207738887897,7.42560717878946e-05,0.000313154485607304,1.1125322797635
"MRAS",1.14412299500326,3.29986956769047,4.25147688286145,7.44094989143774e-05,0.000313483366627217,1.11056235147283
"PFKFB4",1.23448145296316,0.515277951017776,4.24380063438654,7.63980143397547e-05,0.000320921739041905,1.08539393383272
"SLIT3",1.36067463535243,4.10256118700442,4.22811331723347,8.06231308679827e-05,0.000336342790076738,1.03403519756255
"GSN",1.12426841062011,5.99319511777341,4.22072041527578,8.2691903748732e-05,0.000343978041738775,1.00986704592185
"CDON",1.20499517274786,3.55607994678859,4.21813494454414,8.34274613685569e-05,0.000346662740232818,1.00142026251958
"SOD3",1.44597381275336,1.84001469681054,4.21560320983833,8.41538680596912e-05,0.000349178010096596,0.993151744482568
"BAMBI",1.21733290343081,4.88543174461045,4.20069711270218,8.85565120195066e-05,0.000364430740686767,0.944523681644281
"SCAMP5",1.169060884104,3.07166425706517,4.19594076520752,9.00076728215777e-05,0.000369874779478767,0.929026750360377
"C3orf70",1.09552128422865,0.976170612885111,4.17734958262002,9.59037779215954e-05,0.000390763008945815,0.868545525518731
"SUSD2",1.1343858308856,0.0566098039711277,4.16690411378303,9.93786839081236e-05,0.000403212493450653,0.834628545494515
"ANGPT2",1.19832942873185,2.69213473928487,4.16463482145981,0.000100149555749457,0.000405911850165138,0.82726619227352
"CKAP2",1.016595310468,3.89997711558451,4.15890171556663,0.000102122923085144,0.000412894468204393,0.80867586899133
"PHLDA3",1.21582159387963,2.64343254354394,4.14630998883322,0.000106589923164218,0.000428701103102948,0.767895101133409
"FBXL2",1.24039104485677,0.228299792967674,4.14489836830991,0.000107102325138573,0.000429862672398551,0.763327544729068
"MSH5",1.10306053858174,1.48613731917662,4.13204054382637,0.000111880505324302,0.000447018229620998,0.721763318902386
"NPM2",1.49377632856754,-0.187141769571482,4.1263184596498,0.000114072573722585,0.000454674201067732,0.703289119448291
"ZNF521",1.20018707791721,1.93155493584732,4.11941667323571,0.000116771824817537,0.00046367056773504,0.681025089636727
"COL5A2",1.43016785320105,7.27369219837786,4.11745201188213,0.000117551409460465,0.000465964092139678,0.674691207224227
"KCNE3",1.01735697369235,4.0060750921811,4.11710210934308,0.000117690778545987,0.000466196129988998,0.673563331073663
"PLN",1.74675414733072,1.61791686540907,4.11478360173071,0.000118618300965501,0.000468598944385519,0.666091201125349
"CD248",1.40693040686436,2.15684936595112,4.11477349507137,0.000118622359567032,0.000468598944385519,0.666058634329001
"ITGBL1",1.42727305778917,2.69955034189973,4.11152622068637,0.000119933360003499,0.000473143577073485,0.655597217303587
"TNC",1.40847395807986,4.54632379026349,4.09718142348447,0.000125894066805675,0.000493773567019199,0.60943926942982
"OTUB2",1.24540227873508,-0.22091838163198,4.09670378272124,0.000126097383512205,0.000494234902756809,0.60790389526001
"SLC45A4",1.23490125855966,1.44203037456306,4.09613089025023,0.000126341664146301,0.000494914286570642,0.606062467234993
"FKBP10",1.67207901741246,4.37722495964844,4.09512259937008,0.000126772708475784,0.000496207394729612,0.602821904179833
"SMPX",1.99063602859994,0.0923944400664844,4.08035167001955,0.00013325240246366,0.000518578428616165,0.555400747850438
"ROR2",1.47585866180745,0.658117268421845,4.07830937721693,0.000134173094706921,0.0005216335178444,0.548851681200064
"TBX3",1.37074856968228,6.38965054576594,4.07661309396279,0.000134942466723425,0.000523918328392698,0.543413576184252
"CPE",1.46144189667843,4.49706980803147,4.04650351149836,0.00014932894331757,0.000573359374520549,0.447098572148455
"PYCR1",1.60312624102414,1.50176531445391,4.04642822987384,0.000149366703115236,0.000573359374520549,0.446858268026769
"SLAMF8",1.19417854897695,1.95680222103416,4.03941958216884,0.000152922735968664,0.000585839840384771,0.424497335687311
"NAALAD2",1.31895835674747,2.51335909925414,4.03060931810128,0.00015750881530086,0.000601013623716645,0.396419761376488
"JAG2",1.26019793532556,0.251001313942546,4.02879793865323,0.000158468007009265,0.000603874615411916,0.39065138810895
"PNMA3",1.5871356585893,2.15391030131065,4.00717636077031,0.000170361176372563,0.000641147200475535,0.32191187051154
"VIM",1.34419193337071,8.14717306905761,4.00553808792735,0.000171296570638232,0.000643617570785671,0.316712123076504
"EPHB3",1.42510562683704,0.0057513804276824,3.99254003445961,0.000178895420566711,0.000669769125685496,0.2755008034895
"TOX3",1.20748157096096,3.5709654972579,3.98760018932324,0.000181867643661005,0.000679353390424123,0.259858945742138
"CELSR3",1.17961761354132,0.184705132563538,3.97596876942754,0.000189055114410059,0.000703241130190272,0.223072760961189
"CD7",1.39237127035434,0.306030837240874,3.97477850411833,0.000189805863064699,0.000705124196602675,0.219311878508362
"NFE2L3",1.02372752940212,1.61446452062718,3.97465414651768,0.000189884465884365,0.000705189090140424,0.218918983424635
"ZC3HAV1L",1.20806134882855,1.31044894904897,3.96410020680065,0.000196670736398433,0.000725718792180398,0.185600955647356
"DBNDD1",1.35652204557241,0.682619599965467,3.95233204156765,0.000204513064723365,0.000750814195284536,0.148510633448477
"TTC9",1.55057343231879,2.54912760426145,3.95138866894386,0.00020515459757438,0.000752211787355524,0.145540148014784
"SULT1C2",1.45497192336248,3.96814401957328,3.94777227964405,0.000207631882989091,0.000759604747947722,0.134156729977044
"ZFP37",1.15392420407819,0.441813450398436,3.94624436115791,0.000208687159961437,0.000762981423187059,0.129349088700754
"C1QTNF3",1.25739167637351,3.05638214670524,3.94438728896643,0.000209976720735882,0.000765512475881289,0.123507223514821
"EHD2",1.02324089811602,3.43941095842406,3.94136836229541,0.000212089458996954,0.00077199492254019,0.114013907567744
"RAB6B",1.18932129338796,-0.0253659199769471,3.91673770804731,0.000230107661582704,0.000829207084147608,0.0367201526144445
"ETV1",1.03331408657429,4.2992680699046,3.89973460921584,0.000243395352203491,0.000869484480541119,-0.0164704143133649
"SLC39A4",1.3929982550227,0.772038915432802,3.89580920614644,0.000246566172622151,0.000878418547730455,-0.0287306980336455
"C5orf34",1.16835762582267,-0.184495252847152,3.88921424169697,0.000251982954099791,0.000895303052035835,-0.0493123431072648
"SOBP",1.15753529884881,3.22500903550865,3.8733242724975,0.000265507876654229,0.000936589193767392,-0.0988165461234987
"SOAT2",1.51524152488805,2.25237886630277,3.86340039246155,0.000274305540847781,0.000962907612196941,-0.129672281937801
"LOXL4",1.90110606262441,4.47333631435968,3.86241630512025,0.000275193047816296,0.000965435464282535,-0.132729461314969
"FAM171B",1.10536514671298,1.51666350415447,3.85267863483969,0.000284124959384519,0.000991943524969862,-0.162955430064792
"GSTP1",1.23788602554176,5.03854794772695,3.85086465600912,0.000285819305090131,0.000996636044204538,-0.168580996744108
"LOX",1.46779600807488,3.44988168006978,3.85031767190715,0.000286332115634596,0.000997837146176756,-0.170277007745946
"PGF",1.18130209334175,1.30660470073703,3.84701719303719,0.000289445185228325,0.00100746838008712,-0.180507587819228
"CHN1",1.11682449147705,1.33982353100054,3.84485128375829,0.00029150573575012,0.00101433443797214,-0.187218440686481
"WFDC1",1.04865597250905,1.65824826969952,3.84407690497098,0.000292245856497896,0.00101575227619105,-0.189617222938117
"IGFBP5",1.1501509572904,6.39485039874028,3.83970124526736,0.000296461945023584,0.00102847775514197,-0.203166165843929
"HSPB1",1.09280998065877,5.36655409670456,3.83545248250657,0.000300611578732206,0.00104130767587868,-0.216313265002617
"COL1A1",2.10901680911459,8.14997333270541,3.82357715779723,0.000312507505637525,0.00107564179209369,-0.253012798806662
"AMOT",1.11060654604823,3.75469198240262,3.81593008962324,0.000320405463062259,0.00109735065808288,-0.276608790572712
"PLA2G7",1.26848013807614,2.92806372419085,3.8149009039615,0.00032148291932471,0.00110071400249645,-0.279782282055709
"GLI3",1.12175303869042,1.29096429440972,3.81440741069776,0.000322000789969049,0.0011015062610596,-0.281303782788748
"TNFSF15",1.41371090912967,0.602519638589391,3.80047308153324,0.000336958062881115,0.00114621387653602,-0.324215572158188
"PDGFRL",1.47542088502382,-0.0809692856812332,3.79919952546872,0.000338357853742602,0.0011506361565215,-0.328132806292878
"PLEKHG4",1.13591127481016,0.066099835533813,3.7975561384736,0.000340172372057483,0.00115540094048668,-0.333186390848972
"BTNL9",1.14148823319462,3.68008865069936,3.79688338750747,0.000340917866358898,0.00115729475822539,-0.33525478432043
"COL4A5",1.42671479706385,3.03573713193635,3.78843680669064,0.000350412035615538,0.00118568578199626,-0.361204990612348
"SLC2A4",1.23626395535289,1.85609805679068,3.78478800847598,0.000354591284945264,0.00119731885225611,-0.372404155477779
"NAV3",1.3482223233631,2.37411384391717,3.77951426496525,0.000360716205241345,0.00121591508692546,-0.388579033495396
"DDIT4",1.1154442701112,4.48256464752121,3.77623785633147,0.000364572333251676,0.00122568984670885,-0.398620998804109
"KCTD12",1.12281299550332,6.0981699800545,3.77502177943952,0.000366013603728657,0.0012301768412034,-0.40234682914132
"GLI2",1.29268971400656,0.407297739215281,3.76998970252969,0.000372035753652625,0.00124750942394855,-0.417756322050064
"COL6A3",1.1383921484363,7.11548882331231,3.76851528331434,0.000373818170815942,0.00125239401695088,-0.422268971743615
"SCD",1.33224612434741,11.0761636398516,3.76187026459014,0.00038195328903847,0.00127727092086072,-0.442593414391494
"CCNF",1.04952789250924,0.624948774839959,3.74988352231645,0.000397058569198013,0.00132142833113072,-0.479200055889386
"SOX4",1.07684286020113,6.23376669824829,3.74041485797267,0.000409393252819438,0.00135582864521166,-0.508065564591845
"ADAM12",1.22313674196914,0.857674838978326,3.71471123412962,0.000444753118804012,0.00145497085235515,-0.586195090015306
"CELSR2",1.2004279025959,2.48421109569685,3.69247975503346,0.000477675144598,0.00154905035064699,-0.653499038745132
"LRRC32",1.03717008909209,4.96527766585006,3.6896771673145,0.000481987104021284,0.00156098630008112,-0.661965651374385
"BVES",1.18416468812919,-0.102511791371689,3.68872972037585,0.000483453205800172,0.00156471176456369,-0.664826973134967
"F13A1",1.58538660751612,2.73704719453877,3.67529019730356,0.000504714317259057,0.00162395527185027,-0.705364954060807
"HAPLN3",1.16084870930019,1.22705056551375,3.67350767827123,0.000507600436730892,0.0016327861231709,-0.710734605550187
"MMP2",1.54693451967237,5.27432229868896,3.67222739499179,0.000509683094159838,0.00163775394414801,-0.714590309939442
"HDC",1.30615765954256,1.13325524139354,3.67017315030173,0.000513041830271278,0.0016457000868129,-0.720775104998534
"B3GALT2",1.16714649621431,-0.00201403054880931,3.66401215167853,0.000523242436606819,0.00167191177458716,-0.7393111459266
"TRIP13",1.3135861427211,0.312458426212331,3.66236907350784,0.000525995379133545,0.00167931267597715,-0.744251199424863
"FKBP1B",1.42463713811753,-0.22570475608983,3.6588951235398,0.000531861509695376,0.00169522589509151,-0.75469130447344
"FXYD2",1.34990898980098,1.68916622088054,3.6510537812598,0.000545332898908908,0.00172951028014249,-0.778233443915703
"MSI1",1.94422219646077,0.505616871097373,3.64114901964316,0.000562815148799084,0.00177767599709678,-0.807924744060352
"ENO2",1.34908937542748,1.87845178106098,3.62988218520061,0.000583351567777862,0.00183450390793829,-0.841636644761085
"S100A1",1.44187048796536,1.42466151624315,3.62740470084726,0.000587962266201466,0.00184749243820047,-0.849040673857698
"CREB3L1",1.7627344483098,0.585845498662146,3.61914515374906,0.000603586021311732,0.0018914329681692,-0.87370120727267
"SLC22A17",1.09646939301694,2.00363156110493,3.60956692061298,0.00062219996765132,0.00194342719384186,-0.902253854229078
"IL17RD",1.29459208162751,0.836205727096344,3.60306873998279,0.000635138471491263,0.00197848292429158,-0.921597237705956
"TMTC1",1.11903645575859,3.2126255303551,3.58735748393305,0.000667488917252717,0.00206864176800379,-0.968272839339682
"MN1",1.06978888154199,0.654861649155994,3.58011922883539,0.000682915608442669,0.00210964958312432,-0.989732242811731
"PDLIM7",1.01385465264811,3.45067867980171,3.56181482128435,0.000723456705963372,0.00221766492247874,-1.04387445487096
"STMN1",1.01542510570546,5.71256237853482,3.54944486072867,0.000752140276246466,0.00228735515067308,-1.0803612021599
"FLNA",1.11728212711197,6.9019404688102,3.53610116293562,0.000784293725971391,0.00237547732614797,-1.11962731677103
"TAGLN",1.14916666961781,6.87044854139904,3.53309866401208,0.00079170671430226,0.00239505296340849,-1.12844936636395
"FAM169A",1.19099291745221,4.528810260239,3.52688293848041,0.000807265249198048,0.00243407295030255,-1.14669704510475
"SLC16A12",1.75088111461751,2.31355400602753,3.50631413407792,0.000860849519294681,0.00257251274742594,-1.20693106086263
"FGF2",1.27274613998541,4.52859356286959,3.50104298291056,0.000875116020721418,0.00260906262574866,-1.22232986403405
"COL16A1",1.44849769553338,3.49338007673939,3.47841441678383,0.00093895183293604,0.0027778428809739,-1.28826156049417
"TMEM182",1.06414460061517,1.00831372778517,3.47695874483945,0.000943206149581519,0.00278899844537883,-1.29249318551802
"XCL1",1.2728090008002,-0.0363292169470882,3.41589894994423,0.00113907159437544,0.00328644093074554,-1.46892795421125
"PARPBP",1.27289857803418,1.07566196637535,3.41175633376525,0.00115366953055076,0.0033227410823728,-1.4808222488012
"EMP1",1.42571437412209,6.82954903841426,3.40886935208983,0.00116394737181848,0.0033473280812581,-1.48910560996722
"FRAS1",1.46771542745797,3.52293910965532,3.39178578330208,0.0012265626401552,0.00349861524584328,-1.53802504134559
"ACTG2",1.3663233938365,0.856057910974846,3.39051912079451,0.00123133002358721,0.00351047746467585,-1.54164555615725
"GALNT15",1.26814728322722,0.799254461319575,3.38089218897398,0.00126814052056463,0.00360127619776419,-1.56913235499137
"MYH11",1.27482849269042,4.62006821995817,3.37540343450392,0.00128959132778291,0.00365310313506284,-1.58478009062908
"IGFBP7",1.05317277198018,7.65665226877711,3.37156792524783,0.00130478422099519,0.00368979798705063,-1.59570437847296
"SNCAIP",1.1382564857078,0.562087418862369,3.36518889717569,0.00133042773675919,0.00375127937998466,-1.61385438918306
"HUNK",1.27951478797205,1.10510009322207,3.34119593741211,0.00143120848050566,0.0039934663334864,-1.68191050489104
"DCLK1",1.29399861593717,1.45286353356815,3.33805647112818,0.00144491701842609,0.00402587386655674,-1.6907909559406
"ADAM22",1.51310462872534,-0.319067757763845,3.33577055063736,0.00145497645097079,0.00405292281138567,-1.69725342337803
"IQCA1",1.31990098870653,-0.0416474007716805,3.31816956917456,0.00153467599827785,0.00424520087293404,-1.74691080983306
"SEMA3C",1.53029444273014,2.32873962420428,3.30932743866266,0.00157625227792673,0.00434561903104322,-1.77178870155941
"SH3D21",1.01975950912672,1.16429116988946,3.30876566925455,0.00157892933795252,0.00434884190861565,-1.77336772798318
"SULF1",1.34055485556074,4.00312854727974,3.29118566410017,0.00166490512986994,0.00456168187008307,-1.82268808101307
"CERCAM",1.29107349689491,1.8921359139187,3.28482861985572,0.00169706698998547,0.00464208388178383,-1.84047782649948
"A4GALT",1.13096625986188,0.172779200210819,3.25770327441553,0.00184099466039972,0.00496978081154009,-1.91611726866231
"EDA2R",1.55566140001839,1.84961584436532,3.237980565236,0.00195277731442182,0.00523235454630794,-1.97083917798208
"ELN",1.26681193928437,4.47723829959605,3.23257299374142,0.00198452341693678,0.00530632304459105,-1.9858021330882
"MGAT4C",1.12089910110194,1.4995737936795,3.21534930408674,0.00208890332952164,0.00553919538069704,-2.03334348202121
"EMILIN2",1.01941039746141,2.65604652167306,3.20811434124539,0.00213426991477554,0.00564263201167451,-2.05326024783091
"KDELR3",1.0152061721482,3.21424704124943,3.20126892582943,0.00217804473606847,0.00574257052126853,-2.07207546779945
"PDZRN3",1.00477446192512,1.99287019523542,3.19992774291006,0.00218671949763995,0.00576149141280878,-2.07575849635567
"RRAD",1.06893772947242,0.279429523282658,3.19977930219537,0.00218768160313638,0.00576271004616993,-2.07616606297261
"CNN1",1.27015866240996,1.48244093757323,3.18096703903597,0.00231288130001307,0.00605792138865821,-2.12770951542145
"POU2AF1",1.11885649943648,0.514074779996921,3.15187571760777,0.00251980027685317,0.00653900926737938,-2.20699045087701
"TRAIP",1.01246732907139,-0.242870300099011,3.14288664994317,0.00258716735354382,0.00668825087923082,-2.23138260277269
"DMKN",1.03462748124706,3.02403713947236,3.12389114784201,0.00273511428342601,0.00703759608728954,-2.2827631655669
"MMP9",1.54369705564878,0.202367110267507,3.11849811897043,0.00277853987829141,0.00713818652474197,-2.29730984756918
"HK2",1.07219312486801,2.82487955472704,3.10099703538478,0.00292394696552203,0.00746188678037535,-2.34439086225946
"COL3A1",1.26172030959482,9.63681070640636,3.09539076935787,0.00297201139058398,0.00756947480467789,-2.3594322209568
"AFP",2.38067474354876,5.07116263904851,3.07824706747045,0.00312361248033864,0.00788879569246729,-2.40530560148281
"TMEM45B",1.22827546519584,3.49676229977104,3.07114365265915,0.00318851989898499,0.00803047533510739,-2.42425881276982
"TSPAN8",1.26916395692717,3.37557569457476,3.06511298417774,0.00324461146667004,0.00816105391801982,-2.44032473259272
"TDGF1",1.63144235386072,0.701996543305148,3.06097226537408,0.00328365647495647,0.00824847069656421,-2.4513424374441
"THSD7B",1.01072000359936,0.463621063964882,3.04650084145319,0.00342358655969364,0.00855155282937769,-2.48976288683771
"MXRA8",1.13306137131821,2.96886635306004,3.02210217115126,0.00367216857943716,0.00908395122535012,-2.55423739233827
"HEPACAM",2.17265250905997,2.88592177784287,3.01233352559508,0.00377633022013691,0.00930370975849621,-2.57994465873182
"PAPPA",1.02001900007724,2.79195877276728,3.0035911816875,0.00387187508950603,0.00949852810664655,-2.60289910367979
"MME",1.98857242505835,3.7535605920711,2.99681990215111,0.00394741948370205,0.00965305994159489,-2.62064436343783
"COL5A1",1.18404672755669,5.89077189416242,2.98784135804451,0.00404970538965213,0.00986762815159217,-2.64412846863398
"MYH7B",1.67777629792892,1.08395591486192,2.96570304859111,0.00431253670088474,0.010428744411888,-2.70180976134348
"UBE2T",1.10220681756372,1.15491533842185,2.95914477454408,0.00439338952783977,0.0105998218371955,-2.71883611090633
"FAM83D",1.06675597297917,1.10121027987253,2.95467274775086,0.00444932723962448,0.0107213264485207,-2.73043012682566
"HIF3A",1.32790412090373,0.251162378032899,2.89172185692452,0.0053101998558319,0.0125134127348357,-2.89223957035616
"IL2RA",1.00296273906586,0.161641199696241,2.88731926823001,0.00537583546085466,0.0126371025149702,-2.903457902792
"NFASC",1.05434588474872,4.66569811825056,2.86218900439261,0.00576507835006197,0.0134018901184935,-2.96724515792343
"CA12",1.47245790505702,2.297061212866,2.86054801819784,0.00579138021367223,0.0134548984420361,-2.97139570866638
"PTCHD4",1.78727673473139,0.279082642517117,2.84840365624464,0.00598950396146652,0.013851028106559,-3.00205622908591
"TESC",1.0721388445175,0.393614560894663,2.80995801672427,0.00665870289563181,0.0151375912300183,-3.09846219670325
"CCDC80",1.18277881078839,5.63383472439375,2.75338977605761,0.00776924149909062,0.0172841274237243,-3.23847973269567
"CLDN11",1.14533755820741,2.28832629899888,2.71588334747831,0.00859675605743782,0.0188523918483926,-3.33009798236972
"MYBL2",1.05521934542482,0.311417237478484,2.71312868341316,0.00866060825326705,0.0189779856005766,-3.33678829215321
"MRC2",1.02149173810622,3.67991148588016,2.71031429915788,0.00872629307698061,0.0191110291708698,-3.34361816920173
"MDGA1",1.01719034646937,0.93092591806368,2.70750578705749,0.0087922953200156,0.0192446160372637,-3.35042827394745
"CRABP2",1.76276448079823,-0.355827820859967,2.6982239535294,0.00901369022480022,0.0196335089930735,-3.37289565388382
"CENPF",1.26874502614581,2.58549180300196,2.60687997366327,0.0114806891566719,0.0241395824685035,-3.59075316877725
"PCDHB5",1.00618902348007,0.290221410139631,2.59603652153109,0.0118111348003776,0.0247217274400936,-3.61621976709592
"MEOX2",1.00004062708177,0.0982370142255206,2.56881973583167,0.0126789536879497,0.026290082831296,-3.67976663727958
"PTX3",1.13819215321436,0.479084307006014,2.52270872953578,0.0142820480431507,0.0291271966368005,-3.7862002620431
"RAB3B",1.53135268145948,2.35608106872779,2.49881553069463,0.015182870317683,0.030757711470754,-3.84073812623541
"IGSF3",1.04108344617639,1.75516716763531,2.43013603918342,0.0180645802256668,0.0357786629297847,-3.99514893380121
"XRCC2",1.12216244847735,-0.0234281987503988,2.38474229929078,0.0202296493895398,0.0395038100064909,-4.09526752054239
"EME1",1.07954962470155,-0.243331064576586,2.38372508800622,0.0202807178420916,0.0395834315242854,-4.09749319805237
"DTL",1.14229131353827,1.64901706652837,2.37641292211469,0.0206512250982927,0.0402181126977556,-4.11346923972227
"E2F1",1.06131871543913,0.602215484227089,2.33004347939225,0.0231447224300868,0.0443921471950533,-4.21383114250578
"E2F8",1.09478713015962,-0.264758384077331,2.30553691524491,0.024567935794188,0.0467897361513993,-4.26620708545069
"ARHGEF39",1.04646521813782,-0.304682286021175,2.30441368174573,0.0246349911648836,0.0468918519945433,-4.26859658453285
"CTNND2",1.1158706895986,0.768895418099124,2.29570794257193,0.0251602441105624,0.0477576790875986,-4.28708357209349
